{"mean":{"confidence_interval":{"confidence_level":0.95,"lower_bound":-0.7056679512033949,"upper_bound":-0.6984655011960164},"point_estimate":-0.7024403073668084,"standard_error":0.0018530625875244156},"median":{"confidence_interval":{"confidence_level":0.95,"lower_bound":-0.7042915342263316,"upper_bound":-0.7019769316177142},"point_estimate":-0.7031601997532733,"standard_error":0.0005731490810912794}}