{"mean":{"confidence_interval":{"confidence_level":0.95,"lower_bound":537683.9565404264,"upper_bound":542663.5175147309},"point_estimate":539961.3024332023,"standard_error":1277.8542949416756},"median":{"confidence_interval":{"confidence_level":0.95,"lower_bound":535960.183908046,"upper_bound":538356.2485532407},"point_estimate":536524.7231615675,"standard_error":621.6888239896173},"median_abs_dev":{"confidence_interval":{"confidence_level":0.95,"lower_bound":3998.997050631058,"upper_bound":6483.956099470068},"point_estimate":4964.261375503143,"standard_error":635.884023997002},"slope":{"confidence_interval":{"confidence_level":0.95,"lower_bound":538030.9116889965,"upper_bound":547029.2592552805},"point_estimate":542088.3418033594,"standard_error":2313.0617081874375},"std_dev":{"confidence_interval":{"confidence_level":0.95,"lower_bound":6906.148318557265,"upper_bound":17500.158033121945},"point_estimate":12802.704377062586,"standard_error":2709.016360686637}}