{"mean":{"confidence_interval":{"confidence_level":0.95,"lower_bound":5414925.700586542,"upper_bound":5475324.075682694},"point_estimate":5443346.338076924,"standard_error":15427.58058879159},"median":{"confidence_interval":{"confidence_level":0.95,"lower_bound":5360323.115384615,"upper_bound":5384932.923076923},"point_estimate":5370861.076923076,"standard_error":6075.596814357318},"median_abs_dev":{"confidence_interval":{"confidence_level":0.95,"lower_bound":13673.648907244205,"upper_bound":49408.08605167696},"point_estimate":28201.589026243353,"standard_error":8820.988708382029},"slope":null,"std_dev":{"confidence_interval":{"confidence_level":0.95,"lower_bound":108573.15890029108,"upper_bound":201283.34214021187},"point_estimate":155533.12370941055,"standard_error":24060.150031676032}}