{"mean":{"confidence_interval":{"confidence_level":0.95,"lower_bound":36479.60851410729,"upper_bound":36670.12862731248},"point_estimate":36568.07412607255,"standard_error":48.57147756703273},"median":{"confidence_interval":{"confidence_level":0.95,"lower_bound":36421.366092778575,"upper_bound":36533.99256395003},"point_estimate":36484.637804878046,"standard_error":27.49825846047236},"median_abs_dev":{"confidence_interval":{"confidence_level":0.95,"lower_bound":162.2158432152661,"upper_bound":313.49557245066217},"point_estimate":223.28685111964393,"standard_error":39.77372366008535},"slope":{"confidence_interval":{"confidence_level":0.95,"lower_bound":36461.89666848639,"upper_bound":36769.98642382521},"point_estimate":36584.95475889089,"standard_error":81.31456691338731},"std_dev":{"confidence_interval":{"confidence_level":0.95,"lower_bound":299.50307707486627,"upper_bound":660.3567761056166},"point_estimate":489.1388536626609,"standard_error":93.31846092352497}}