{"mean":{"confidence_interval":{"confidence_level":0.95,"lower_bound":2857025.1852333187,"upper_bound":2862795.1728244983},"point_estimate":2859535.442746604,"standard_error":1487.3209289662138},"median":{"confidence_interval":{"confidence_level":0.95,"lower_bound":2856161.178733766,"upper_bound":2858606.1666666665},"point_estimate":2857210.975,"standard_error":735.429780387455},"median_abs_dev":{"confidence_interval":{"confidence_level":0.95,"lower_bound":3564.493812029181,"upper_bound":6065.674029694985},"point_estimate":4827.455336517885,"standard_error":652.8128417968665},"slope":{"confidence_interval":{"confidence_level":0.95,"lower_bound":2856032.1633346025,"upper_bound":2866519.338318404},"point_estimate":2860643.070047288,"standard_error":2684.5369077960245},"std_dev":{"confidence_interval":{"confidence_level":0.95,"lower_bound":6454.587450545728,"upper_bound":22881.990150189686},"point_estimate":14973.601418001374,"standard_error":4600.464589581121}}