{"mean":{"confidence_interval":{"confidence_level":0.95,"lower_bound":-0.06639281237094195,"upper_bound":-0.03833365837185431},"point_estimate":-0.05190523676236236,"standard_error":0.007158799046275586},"median":{"confidence_interval":{"confidence_level":0.95,"lower_bound":-0.049960549284343014,"upper_bound":-0.022803381528561317},"point_estimate":-0.03302163991900475,"standard_error":0.006703410034705845}}