{"mean":{"confidence_interval":{"confidence_level":0.95,"lower_bound":0.5317835325375884,"upper_bound":0.5439291820132118},"point_estimate":0.5381868892002966,"standard_error":0.0031051370161542568},"median":{"confidence_interval":{"confidence_level":0.95,"lower_bound":0.5477288320539477,"upper_bound":0.5515101087582752},"point_estimate":0.5495265290379567,"standard_error":0.0010351314791300496}}