{"mean":{"confidence_interval":{"confidence_level":0.95,"lower_bound":508281.2227402416,"upper_bound":529340.1133425644},"point_estimate":518080.50234757416,"standard_error":5346.922779112222},"median":{"confidence_interval":{"confidence_level":0.95,"lower_bound":494288.108974359,"upper_bound":498968.3494047619},"point_estimate":495816.4586489899,"standard_error":1402.0276479048468},"median_abs_dev":{"confidence_interval":{"confidence_level":0.95,"lower_bound":8598.563631031133,"upper_bound":21249.766078194425},"point_estimate":13087.260705177008,"standard_error":3359.4903630656736},"slope":{"confidence_interval":{"confidence_level":0.95,"lower_bound":501467.02000077337,"upper_bound":517597.4046813239},"point_estimate":509166.4241707305,"standard_error":4126.850320639601},"std_dev":{"confidence_interval":{"confidence_level":0.95,"lower_bound":34702.42938510779,"upper_bound":70870.60151168877},"point_estimate":53742.37514666704,"standard_error":9292.505151529745}}