{"mean":{"confidence_interval":{"confidence_level":0.95,"lower_bound":2868877.438985544,"upper_bound":2880902.4025928555},"point_estimate":2873900.9140540827,"standard_error":3115.1318498527594},"median":{"confidence_interval":{"confidence_level":0.95,"lower_bound":2865893.9770908365,"upper_bound":2868650.75},"point_estimate":2867248.7766369046,"standard_error":651.3142169559086},"median_abs_dev":{"confidence_interval":{"confidence_level":0.95,"lower_bound":3586.7523557926347,"upper_bound":6599.588209891663},"point_estimate":4692.249989821219,"standard_error":740.9615797575209},"slope":{"confidence_interval":{"confidence_level":0.95,"lower_bound":2867774.1892777635,"upper_bound":2878432.055834772},"point_estimate":2872584.037214423,"standard_error":2721.2928530831855},"std_dev":{"confidence_interval":{"confidence_level":0.95,"lower_bound":10167.675881135132,"upper_bound":49440.50107800059},"point_estimate":31279.6359972801,"standard_error":11118.744792756468}}