{"mean":{"confidence_interval":{"confidence_level":0.95,"lower_bound":130844.99058741562,"upper_bound":132117.6618820035},"point_estimate":131393.45837619738,"standard_error":326.09758799682754},"median":{"confidence_interval":{"confidence_level":0.95,"lower_bound":130553.10938855683,"upper_bound":130930.18540729635},"point_estimate":130761.5019409938,"standard_error":90.6381065630215},"median_abs_dev":{"confidence_interval":{"confidence_level":0.95,"lower_bound":457.50171481086716,"upper_bound":700.5440275613515},"point_estimate":583.4292272195553,"standard_error":62.051099713630784},"slope":{"confidence_interval":{"confidence_level":0.95,"lower_bound":130878.7837830652,"upper_bound":131688.06117165228},"point_estimate":131207.27840941655,"standard_error":210.80579397680637},"std_dev":{"confidence_interval":{"confidence_level":0.95,"lower_bound":935.4275296773009,"upper_bound":4886.5733111029695},"point_estimate":3262.590159245066,"standard_error":964.6383130851893}}