{"mean":{"confidence_interval":{"confidence_level":0.95,"lower_bound":-0.23210041205642945,"upper_bound":-0.2121947320127823},"point_estimate":-0.22190766732756917,"standard_error":0.0050922814692592544},"median":{"confidence_interval":{"confidence_level":0.95,"lower_bound":-0.2255378796057853,"upper_bound":-0.218830556180993},"point_estimate":-0.22364296918283544,"standard_error":0.0017265802973051414}}