{"mean":{"confidence_interval":{"confidence_level":0.95,"lower_bound":5966702.150240002,"upper_bound":5994629.170319998},"point_estimate":5978539.6844,"standard_error":7244.364910698854},"median":{"confidence_interval":{"confidence_level":0.95,"lower_bound":5959457.24,"upper_bound":5977336.58},"point_estimate":5965434.279999999,"standard_error":4394.106391606412},"median_abs_dev":{"confidence_interval":{"confidence_level":0.95,"lower_bound":27231.743972539985,"upper_bound":42248.139197944874},"point_estimate":34080.19942295521,"standard_error":3728.228904619464},"slope":null,"std_dev":{"confidence_interval":{"confidence_level":0.95,"lower_bound":31439.443496542262,"upper_bound":113612.09655941109},"point_estimate":72587.74046119695,"standard_error":25512.160152093657}}