{"mean":{"confidence_interval":{"confidence_level":0.95,"lower_bound":-0.42283831215015694,"upper_bound":-0.408678794952819},"point_estimate":-0.41588065313071454,"standard_error":0.00359375161543984},"median":{"confidence_interval":{"confidence_level":0.95,"lower_bound":-0.42714722905751157,"upper_bound":-0.41448331450728026},"point_estimate":-0.4205063673236433,"standard_error":0.0032190769512768975}}