{"mean":{"confidence_interval":{"confidence_level":0.95,"lower_bound":-0.021609137438834396,"upper_bound":-0.012229667094923562},"point_estimate":-0.01662280216756762,"standard_error":0.0024021342136574626},"median":{"confidence_interval":{"confidence_level":0.95,"lower_bound":-0.014952036284119452,"upper_bound":-0.00702117763423904},"point_estimate":-0.01209289886912901,"standard_error":0.001999543113671769}}