{"mean":{"confidence_interval":{"confidence_level":0.95,"lower_bound":-0.4053149148765804,"upper_bound":-0.39316690426383427},"point_estimate":-0.39900694343371335,"standard_error":0.003107094336678222},"median":{"confidence_interval":{"confidence_level":0.95,"lower_bound":-0.3936209528061365,"upper_bound":-0.3866255634690587},"point_estimate":-0.39028620705704775,"standard_error":0.0017840762026447709}}