{"mean":{"confidence_interval":{"confidence_level":0.95,"lower_bound":-0.578190213232252,"upper_bound":-0.5729806735095864},"point_estimate":-0.5754603292047746,"standard_error":0.0013272678513991155},"median":{"confidence_interval":{"confidence_level":0.95,"lower_bound":-0.5750692554442386,"upper_bound":-0.5729281615112269},"point_estimate":-0.5743461925505838,"standard_error":0.0005306095989692074}}