{"mean":{"confidence_interval":{"confidence_level":0.95,"lower_bound":-0.12229269465847041,"upper_bound":-0.10977020536912623},"point_estimate":-0.11565127937411046,"standard_error":0.003186053261136795},"median":{"confidence_interval":{"confidence_level":0.95,"lower_bound":-0.11281674656863061,"upper_bound":-0.10784312052254796},"point_estimate":-0.11069120909896601,"standard_error":0.0010983938676463404}}