{"mean":{"confidence_interval":{"confidence_level":0.95,"lower_bound":-0.4331342247142338,"upper_bound":-0.42028986188744916},"point_estimate":-0.42629107457925064,"standard_error":0.0032954027232182633},"median":{"confidence_interval":{"confidence_level":0.95,"lower_bound":-0.4164473735341776,"upper_bound":-0.41370986467885784},"point_estimate":-0.41533575345879925,"standard_error":0.0007787847992471419}}