{"mean":{"confidence_interval":{"confidence_level":0.95,"lower_bound":7456557.984337498,"upper_bound":7592563.98345},"point_estimate":7520529.105,"standard_error":34609.281074595056},"median":{"confidence_interval":{"confidence_level":0.95,"lower_bound":7386033.775,"upper_bound":7461894.525},"point_estimate":7442112.35,"standard_error":18425.49282411116},"median_abs_dev":{"confidence_interval":{"confidence_level":0.95,"lower_bound":143340.38595069852,"upper_bound":244760.87292462614},"point_estimate":189251.32915511713,"standard_error":25385.525533915894},"slope":null,"std_dev":{"confidence_interval":{"confidence_level":0.95,"lower_bound":243411.86693182122,"upper_bound":435934.63627094333},"point_estimate":347172.7366252653,"standard_error":49276.12419362427}}