{"mean":{"confidence_interval":{"confidence_level":0.95,"lower_bound":-0.5404365558174407,"upper_bound":-0.5309311107584499},"point_estimate":-0.5357531994490945,"standard_error":0.002524456997755191},"median":{"confidence_interval":{"confidence_level":0.95,"lower_bound":-0.5380595350550723,"upper_bound":-0.5343550920292568},"point_estimate":-0.5358385866080875,"standard_error":0.0010510812383949647}}