{"mean":{"confidence_interval":{"confidence_level":0.95,"lower_bound":-0.424740307279728,"upper_bound":-0.36516120295703375},"point_estimate":-0.39707861636968633,"standard_error":0.01521083206563433},"median":{"confidence_interval":{"confidence_level":0.95,"lower_bound":-0.4803905453561924,"upper_bound":-0.4772103402281964},"point_estimate":-0.47874813411158523,"standard_error":0.0013178757850495365}}