[0;34m[INFO][0m All output is now being logged to: results/runs/taiwaif_f4f39234_1_92_0_nightly/logs/benchmark-run.log
[0;34m[INFO][0m Starting benchmark execution...
Starting benchmark suite...
This script will skip configurations that already have complete results.
========================================================================

=======================================================================
Processing benchmark configuration: default [1/7]
With default RUSTFLAGS
Progress: 14% complete
=======================================================================
SKIPPED: Complete benchmark results already exist for default

=======================================================================
Processing benchmark configuration: native [1/7]
With RUSTFLAGS: -C target-cpu=native
Progress: 14% complete
=======================================================================
SKIPPED: Complete benchmark results already exist for native

=======================================================================
Processing benchmark configuration: native-sse2 [1/7]
With RUSTFLAGS: -C target-cpu=native -C target-feature=+sse2
Progress: 14% complete
=======================================================================
SKIPPED: Complete benchmark results already exist for native-sse2

=======================================================================
Processing benchmark configuration: native-sse4 [1/7]
With RUSTFLAGS: -C target-cpu=native -C target-feature=+sse4.2,+ssse3,+sse3,+sse2
Progress: 14% complete
=======================================================================
SKIPPED: Complete benchmark results already exist for native-sse4

=======================================================================
Processing benchmark configuration: native-avx [1/7]
With RUSTFLAGS: -C target-cpu=native -C target-feature=+avx,+sse4.2,+ssse3,+sse3,+sse2
Progress: 14% complete
=======================================================================
SKIPPED: Complete benchmark results already exist for native-avx

=======================================================================
Processing benchmark configuration: native-avx2 [1/7]
With RUSTFLAGS: -C target-cpu=native -C target-feature=+avx2,+avx,+sse4.2,+ssse3,+sse3,+sse2
Progress: 14% complete
=======================================================================
SKIPPED: Complete benchmark results already exist for native-avx2

=======================================================================
Processing benchmark configuration: native-avx512 [1/7]
With RUSTFLAGS: -C target-cpu=native -C target-feature=+avx512f,+avx512bw,+avx2,+avx,+sse4.2,+ssse3,+sse3,+sse2
Progress: 14% complete
=======================================================================
No existing results found for native-avx512, proceeding with benchmark...
🚀 Starting benchmark execution for native-avx512...
⏰ 02:04:52 - This may take 15-30 minutes per target
🏃 Running: cargo bench -- --save-baseline native-avx512
📊 Benchmark output (streaming):
----------------------------------------
   Compiling proc-macro2 v1.0.92
   Compiling crossbeam-utils v0.8.21
   Compiling num-traits v0.2.19
   Compiling benchfind v0.1.0 (/home/nmrp3/devel/turingatemyhamster/benchfind)
error: failed to run custom build command for `crossbeam-utils v0.8.21`

Caused by:
  process didn't exit successfully: `/home/nmrp3/devel/turingatemyhamster/benchfind/target/release/build/crossbeam-utils-628f245e8bee607f/build-script-build` (signal: 4, SIGILL: illegal instruction)
  --- stdout
  cargo:rerun-if-changed=no_atomic.rs
  cargo:rustc-check-cfg=cfg(crossbeam_no_atomic,crossbeam_sanitize_thread)
warning: build failed, waiting for other jobs to finish...
error: failed to run custom build command for `proc-macro2 v1.0.92`

Caused by:
  process didn't exit successfully: `/home/nmrp3/devel/turingatemyhamster/benchfind/target/release/build/proc-macro2-dc5d71ab1b186927/build-script-build` (signal: 4, SIGILL: illegal instruction)
  --- stdout
  cargo:rustc-check-cfg=cfg(fuzzing)
  cargo:rustc-check-cfg=cfg(no_is_available)
  cargo:rustc-check-cfg=cfg(no_literal_byte_character)
  cargo:rustc-check-cfg=cfg(no_literal_c_string)
  cargo:rustc-check-cfg=cfg(no_source_text)
  cargo:rustc-check-cfg=cfg(proc_macro_span)
  cargo:rustc-check-cfg=cfg(procmacro2_backtrace)
  cargo:rustc-check-cfg=cfg(procmacro2_nightly_testing)
  cargo:rustc-check-cfg=cfg(procmacro2_semver_exempt)
  cargo:rustc-check-cfg=cfg(randomize_layout)
  cargo:rustc-check-cfg=cfg(span_locations)
  cargo:rustc-check-cfg=cfg(super_unstable)
  cargo:rustc-check-cfg=cfg(wrap_proc_macro)
  cargo:rerun-if-changed=build/probe.rs
error: failed to run custom build command for `num-traits v0.2.19`

Caused by:
  process didn't exit successfully: `/home/nmrp3/devel/turingatemyhamster/benchfind/target/release/build/num-traits-410b3dd9e0b08507/build-script-build` (signal: 4, SIGILL: illegal instruction)
----------------------------------------
✅ Benchmark completed successfully
Benchmark phase completed successfully for native-avx512
✅ Benchmarks completed for native-avx512 at 02:04:52
🔍 Running SIMD analysis for native-avx512...
🔬 Running: ./check_simd.sh native-avx512
./bench_all.sh: line 113: ./check_simd.sh: No such file or directory
ERROR: SIMD check failed with exit code: 127
This may indicate compilation issues or unsupported target features.
⚠️  Configuration native-avx512 completed with SIMD check warnings
✅ Configuration native-avx512 processing complete


=======================================================================
BENCHMARK SUITE SUMMARY
=======================================================================
Total configurations: 7
Successful: 1
Skipped: 6
Failed: 0

Detailed results:
  default     : SKIPPED
  native      : SKIPPED
  native-sse2 : SKIPPED
  native-sse4 : SKIPPED
  native-avx  : SKIPPED
  native-avx2 : SKIPPED
  native-avx512: SUCCESS (SIMD check failed)

Benchmark suite completed with some successful results.
[0;32m[SUCCESS][0m Benchmarks completed in 1s
[0;34m[INFO][0m Copying raw Criterion results (excluding report directories)...
sending incremental file list
created directory results/runs/taiwaif_f4f39234_1_92_0_nightly/raw-results/criterion
./
large texts/
large texts/A_TALE_OF_TWO_CITIES/
large texts/BACILLUS_EMBL/
large texts/BACILLUS_FASTA/
large texts/FindAllIterating/
large texts/FindAllIterating/A_TALE_OF_TWO_CITIES/
large texts/FindAllIterating/A_TALE_OF_TWO_CITIES/default/
large texts/FindAllIterating/A_TALE_OF_TWO_CITIES/default/benchmark.json
large texts/FindAllIterating/A_TALE_OF_TWO_CITIES/default/estimates.json
large texts/FindAllIterating/A_TALE_OF_TWO_CITIES/default/sample.json
large texts/FindAllIterating/A_TALE_OF_TWO_CITIES/default/tukey.json
large texts/FindAllIterating/A_TALE_OF_TWO_CITIES/native-avx/
large texts/FindAllIterating/A_TALE_OF_TWO_CITIES/native-avx/benchmark.json
large texts/FindAllIterating/A_TALE_OF_TWO_CITIES/native-avx/estimates.json
large texts/FindAllIterating/A_TALE_OF_TWO_CITIES/native-avx/sample.json
large texts/FindAllIterating/A_TALE_OF_TWO_CITIES/native-avx/tukey.json
large texts/FindAllIterating/A_TALE_OF_TWO_CITIES/native-avx2/
large texts/FindAllIterating/A_TALE_OF_TWO_CITIES/native-avx2/benchmark.json
large texts/FindAllIterating/A_TALE_OF_TWO_CITIES/native-avx2/estimates.json
large texts/FindAllIterating/A_TALE_OF_TWO_CITIES/native-avx2/sample.json
large texts/FindAllIterating/A_TALE_OF_TWO_CITIES/native-avx2/tukey.json
large texts/FindAllIterating/A_TALE_OF_TWO_CITIES/native-sse2/
large texts/FindAllIterating/A_TALE_OF_TWO_CITIES/native-sse2/benchmark.json
large texts/FindAllIterating/A_TALE_OF_TWO_CITIES/native-sse2/estimates.json
large texts/FindAllIterating/A_TALE_OF_TWO_CITIES/native-sse2/sample.json
large texts/FindAllIterating/A_TALE_OF_TWO_CITIES/native-sse2/tukey.json
large texts/FindAllIterating/A_TALE_OF_TWO_CITIES/native-sse4/
large texts/FindAllIterating/A_TALE_OF_TWO_CITIES/native-sse4/benchmark.json
large texts/FindAllIterating/A_TALE_OF_TWO_CITIES/native-sse4/estimates.json
large texts/FindAllIterating/A_TALE_OF_TWO_CITIES/native-sse4/sample.json
large texts/FindAllIterating/A_TALE_OF_TWO_CITIES/native-sse4/tukey.json
large texts/FindAllIterating/A_TALE_OF_TWO_CITIES/native/
large texts/FindAllIterating/A_TALE_OF_TWO_CITIES/native/benchmark.json
large texts/FindAllIterating/A_TALE_OF_TWO_CITIES/native/estimates.json
large texts/FindAllIterating/A_TALE_OF_TWO_CITIES/native/sample.json
large texts/FindAllIterating/A_TALE_OF_TWO_CITIES/native/tukey.json
large texts/FindAllIterating/A_TALE_OF_TWO_CITIES/new/
large texts/FindAllIterating/A_TALE_OF_TWO_CITIES/new/benchmark.json
large texts/FindAllIterating/A_TALE_OF_TWO_CITIES/new/estimates.json
large texts/FindAllIterating/A_TALE_OF_TWO_CITIES/new/sample.json
large texts/FindAllIterating/A_TALE_OF_TWO_CITIES/new/tukey.json
large texts/FindAllIterating/BACILLUS_EMBL/
large texts/FindAllIterating/BACILLUS_EMBL/default/
large texts/FindAllIterating/BACILLUS_EMBL/default/benchmark.json
large texts/FindAllIterating/BACILLUS_EMBL/default/estimates.json
large texts/FindAllIterating/BACILLUS_EMBL/default/sample.json
large texts/FindAllIterating/BACILLUS_EMBL/default/tukey.json
large texts/FindAllIterating/BACILLUS_EMBL/native-avx/
large texts/FindAllIterating/BACILLUS_EMBL/native-avx/benchmark.json
large texts/FindAllIterating/BACILLUS_EMBL/native-avx/estimates.json
large texts/FindAllIterating/BACILLUS_EMBL/native-avx/sample.json
large texts/FindAllIterating/BACILLUS_EMBL/native-avx/tukey.json
large texts/FindAllIterating/BACILLUS_EMBL/native-avx2/
large texts/FindAllIterating/BACILLUS_EMBL/native-avx2/benchmark.json
large texts/FindAllIterating/BACILLUS_EMBL/native-avx2/estimates.json
large texts/FindAllIterating/BACILLUS_EMBL/native-avx2/sample.json
large texts/FindAllIterating/BACILLUS_EMBL/native-avx2/tukey.json
large texts/FindAllIterating/BACILLUS_EMBL/native-sse2/
large texts/FindAllIterating/BACILLUS_EMBL/native-sse2/benchmark.json
large texts/FindAllIterating/BACILLUS_EMBL/native-sse2/estimates.json
large texts/FindAllIterating/BACILLUS_EMBL/native-sse2/sample.json
large texts/FindAllIterating/BACILLUS_EMBL/native-sse2/tukey.json
large texts/FindAllIterating/BACILLUS_EMBL/native-sse4/
large texts/FindAllIterating/BACILLUS_EMBL/native-sse4/benchmark.json
large texts/FindAllIterating/BACILLUS_EMBL/native-sse4/estimates.json
large texts/FindAllIterating/BACILLUS_EMBL/native-sse4/sample.json
large texts/FindAllIterating/BACILLUS_EMBL/native-sse4/tukey.json
large texts/FindAllIterating/BACILLUS_EMBL/native/
large texts/FindAllIterating/BACILLUS_EMBL/native/benchmark.json
large texts/FindAllIterating/BACILLUS_EMBL/native/estimates.json
large texts/FindAllIterating/BACILLUS_EMBL/native/sample.json
large texts/FindAllIterating/BACILLUS_EMBL/native/tukey.json
large texts/FindAllIterating/BACILLUS_EMBL/new/
large texts/FindAllIterating/BACILLUS_EMBL/new/benchmark.json
large texts/FindAllIterating/BACILLUS_EMBL/new/estimates.json
large texts/FindAllIterating/BACILLUS_EMBL/new/sample.json
large texts/FindAllIterating/BACILLUS_EMBL/new/tukey.json
large texts/FindAllIterating/BACILLUS_FASTA/
large texts/FindAllIterating/BACILLUS_FASTA/default/
large texts/FindAllIterating/BACILLUS_FASTA/default/benchmark.json
large texts/FindAllIterating/BACILLUS_FASTA/default/estimates.json
large texts/FindAllIterating/BACILLUS_FASTA/default/sample.json
large texts/FindAllIterating/BACILLUS_FASTA/default/tukey.json
large texts/FindAllIterating/BACILLUS_FASTA/native-avx/
large texts/FindAllIterating/BACILLUS_FASTA/native-avx/benchmark.json
large texts/FindAllIterating/BACILLUS_FASTA/native-avx/estimates.json
large texts/FindAllIterating/BACILLUS_FASTA/native-avx/sample.json
large texts/FindAllIterating/BACILLUS_FASTA/native-avx/tukey.json
large texts/FindAllIterating/BACILLUS_FASTA/native-avx2/
large texts/FindAllIterating/BACILLUS_FASTA/native-avx2/benchmark.json
large texts/FindAllIterating/BACILLUS_FASTA/native-avx2/estimates.json
large texts/FindAllIterating/BACILLUS_FASTA/native-avx2/sample.json
large texts/FindAllIterating/BACILLUS_FASTA/native-avx2/tukey.json
large texts/FindAllIterating/BACILLUS_FASTA/native-sse2/
large texts/FindAllIterating/BACILLUS_FASTA/native-sse2/benchmark.json
large texts/FindAllIterating/BACILLUS_FASTA/native-sse2/estimates.json
large texts/FindAllIterating/BACILLUS_FASTA/native-sse2/sample.json
large texts/FindAllIterating/BACILLUS_FASTA/native-sse2/tukey.json
large texts/FindAllIterating/BACILLUS_FASTA/native-sse4/
large texts/FindAllIterating/BACILLUS_FASTA/native-sse4/benchmark.json
large texts/FindAllIterating/BACILLUS_FASTA/native-sse4/estimates.json
large texts/FindAllIterating/BACILLUS_FASTA/native-sse4/sample.json
large texts/FindAllIterating/BACILLUS_FASTA/native-sse4/tukey.json
large texts/FindAllIterating/BACILLUS_FASTA/native/
large texts/FindAllIterating/BACILLUS_FASTA/native/benchmark.json
large texts/FindAllIterating/BACILLUS_FASTA/native/estimates.json
large texts/FindAllIterating/BACILLUS_FASTA/native/sample.json
large texts/FindAllIterating/BACILLUS_FASTA/native/tukey.json
large texts/FindAllIterating/BACILLUS_FASTA/new/
large texts/FindAllIterating/BACILLUS_FASTA/new/benchmark.json
large texts/FindAllIterating/BACILLUS_FASTA/new/estimates.json
large texts/FindAllIterating/BACILLUS_FASTA/new/sample.json
large texts/FindAllIterating/BACILLUS_FASTA/new/tukey.json
large texts/FindAllMemchrCrate/
large texts/FindAllMemchrCrate/A_TALE_OF_TWO_CITIES/
large texts/FindAllMemchrCrate/A_TALE_OF_TWO_CITIES/default/
large texts/FindAllMemchrCrate/A_TALE_OF_TWO_CITIES/default/benchmark.json
large texts/FindAllMemchrCrate/A_TALE_OF_TWO_CITIES/default/estimates.json
large texts/FindAllMemchrCrate/A_TALE_OF_TWO_CITIES/default/sample.json
large texts/FindAllMemchrCrate/A_TALE_OF_TWO_CITIES/default/tukey.json
large texts/FindAllMemchrCrate/A_TALE_OF_TWO_CITIES/native-avx/
large texts/FindAllMemchrCrate/A_TALE_OF_TWO_CITIES/native-avx/benchmark.json
large texts/FindAllMemchrCrate/A_TALE_OF_TWO_CITIES/native-avx/estimates.json
large texts/FindAllMemchrCrate/A_TALE_OF_TWO_CITIES/native-avx/sample.json
large texts/FindAllMemchrCrate/A_TALE_OF_TWO_CITIES/native-avx/tukey.json
large texts/FindAllMemchrCrate/A_TALE_OF_TWO_CITIES/native-avx2/
large texts/FindAllMemchrCrate/A_TALE_OF_TWO_CITIES/native-avx2/benchmark.json
large texts/FindAllMemchrCrate/A_TALE_OF_TWO_CITIES/native-avx2/estimates.json
large texts/FindAllMemchrCrate/A_TALE_OF_TWO_CITIES/native-avx2/sample.json
large texts/FindAllMemchrCrate/A_TALE_OF_TWO_CITIES/native-avx2/tukey.json
large texts/FindAllMemchrCrate/A_TALE_OF_TWO_CITIES/native-sse2/
large texts/FindAllMemchrCrate/A_TALE_OF_TWO_CITIES/native-sse2/benchmark.json
large texts/FindAllMemchrCrate/A_TALE_OF_TWO_CITIES/native-sse2/estimates.json
large texts/FindAllMemchrCrate/A_TALE_OF_TWO_CITIES/native-sse2/sample.json
large texts/FindAllMemchrCrate/A_TALE_OF_TWO_CITIES/native-sse2/tukey.json
large texts/FindAllMemchrCrate/A_TALE_OF_TWO_CITIES/native-sse4/
large texts/FindAllMemchrCrate/A_TALE_OF_TWO_CITIES/native-sse4/benchmark.json
large texts/FindAllMemchrCrate/A_TALE_OF_TWO_CITIES/native-sse4/estimates.json
large texts/FindAllMemchrCrate/A_TALE_OF_TWO_CITIES/native-sse4/sample.json
large texts/FindAllMemchrCrate/A_TALE_OF_TWO_CITIES/native-sse4/tukey.json
large texts/FindAllMemchrCrate/A_TALE_OF_TWO_CITIES/native/
large texts/FindAllMemchrCrate/A_TALE_OF_TWO_CITIES/native/benchmark.json
large texts/FindAllMemchrCrate/A_TALE_OF_TWO_CITIES/native/estimates.json
large texts/FindAllMemchrCrate/A_TALE_OF_TWO_CITIES/native/sample.json
large texts/FindAllMemchrCrate/A_TALE_OF_TWO_CITIES/native/tukey.json
large texts/FindAllMemchrCrate/A_TALE_OF_TWO_CITIES/new/
large texts/FindAllMemchrCrate/A_TALE_OF_TWO_CITIES/new/benchmark.json
large texts/FindAllMemchrCrate/A_TALE_OF_TWO_CITIES/new/estimates.json
large texts/FindAllMemchrCrate/A_TALE_OF_TWO_CITIES/new/sample.json
large texts/FindAllMemchrCrate/A_TALE_OF_TWO_CITIES/new/tukey.json
large texts/FindAllMemchrCrate/BACILLUS_EMBL/
large texts/FindAllMemchrCrate/BACILLUS_EMBL/default/
large texts/FindAllMemchrCrate/BACILLUS_EMBL/default/benchmark.json
large texts/FindAllMemchrCrate/BACILLUS_EMBL/default/estimates.json
large texts/FindAllMemchrCrate/BACILLUS_EMBL/default/sample.json
large texts/FindAllMemchrCrate/BACILLUS_EMBL/default/tukey.json
large texts/FindAllMemchrCrate/BACILLUS_EMBL/native-avx/
large texts/FindAllMemchrCrate/BACILLUS_EMBL/native-avx/benchmark.json
large texts/FindAllMemchrCrate/BACILLUS_EMBL/native-avx/estimates.json
large texts/FindAllMemchrCrate/BACILLUS_EMBL/native-avx/sample.json
large texts/FindAllMemchrCrate/BACILLUS_EMBL/native-avx/tukey.json
large texts/FindAllMemchrCrate/BACILLUS_EMBL/native-avx2/
large texts/FindAllMemchrCrate/BACILLUS_EMBL/native-avx2/benchmark.json
large texts/FindAllMemchrCrate/BACILLUS_EMBL/native-avx2/estimates.json
large texts/FindAllMemchrCrate/BACILLUS_EMBL/native-avx2/sample.json
large texts/FindAllMemchrCrate/BACILLUS_EMBL/native-avx2/tukey.json
large texts/FindAllMemchrCrate/BACILLUS_EMBL/native-sse2/
large texts/FindAllMemchrCrate/BACILLUS_EMBL/native-sse2/benchmark.json
large texts/FindAllMemchrCrate/BACILLUS_EMBL/native-sse2/estimates.json
large texts/FindAllMemchrCrate/BACILLUS_EMBL/native-sse2/sample.json
large texts/FindAllMemchrCrate/BACILLUS_EMBL/native-sse2/tukey.json
large texts/FindAllMemchrCrate/BACILLUS_EMBL/native-sse4/
large texts/FindAllMemchrCrate/BACILLUS_EMBL/native-sse4/benchmark.json
large texts/FindAllMemchrCrate/BACILLUS_EMBL/native-sse4/estimates.json
large texts/FindAllMemchrCrate/BACILLUS_EMBL/native-sse4/sample.json
large texts/FindAllMemchrCrate/BACILLUS_EMBL/native-sse4/tukey.json
large texts/FindAllMemchrCrate/BACILLUS_EMBL/native/
large texts/FindAllMemchrCrate/BACILLUS_EMBL/native/benchmark.json
large texts/FindAllMemchrCrate/BACILLUS_EMBL/native/estimates.json
large texts/FindAllMemchrCrate/BACILLUS_EMBL/native/sample.json
large texts/FindAllMemchrCrate/BACILLUS_EMBL/native/tukey.json
large texts/FindAllMemchrCrate/BACILLUS_EMBL/new/
large texts/FindAllMemchrCrate/BACILLUS_EMBL/new/benchmark.json
large texts/FindAllMemchrCrate/BACILLUS_EMBL/new/estimates.json
large texts/FindAllMemchrCrate/BACILLUS_EMBL/new/sample.json
large texts/FindAllMemchrCrate/BACILLUS_EMBL/new/tukey.json
large texts/FindAllMemchrCrate/BACILLUS_FASTA/
large texts/FindAllMemchrCrate/BACILLUS_FASTA/default/
large texts/FindAllMemchrCrate/BACILLUS_FASTA/default/benchmark.json
large texts/FindAllMemchrCrate/BACILLUS_FASTA/default/estimates.json
large texts/FindAllMemchrCrate/BACILLUS_FASTA/default/sample.json
large texts/FindAllMemchrCrate/BACILLUS_FASTA/default/tukey.json
large texts/FindAllMemchrCrate/BACILLUS_FASTA/native-avx/
large texts/FindAllMemchrCrate/BACILLUS_FASTA/native-avx/benchmark.json
large texts/FindAllMemchrCrate/BACILLUS_FASTA/native-avx/estimates.json
large texts/FindAllMemchrCrate/BACILLUS_FASTA/native-avx/sample.json
large texts/FindAllMemchrCrate/BACILLUS_FASTA/native-avx/tukey.json
large texts/FindAllMemchrCrate/BACILLUS_FASTA/native-avx2/
large texts/FindAllMemchrCrate/BACILLUS_FASTA/native-avx2/benchmark.json
large texts/FindAllMemchrCrate/BACILLUS_FASTA/native-avx2/estimates.json
large texts/FindAllMemchrCrate/BACILLUS_FASTA/native-avx2/sample.json
large texts/FindAllMemchrCrate/BACILLUS_FASTA/native-avx2/tukey.json
large texts/FindAllMemchrCrate/BACILLUS_FASTA/native-sse2/
large texts/FindAllMemchrCrate/BACILLUS_FASTA/native-sse2/benchmark.json
large texts/FindAllMemchrCrate/BACILLUS_FASTA/native-sse2/estimates.json
large texts/FindAllMemchrCrate/BACILLUS_FASTA/native-sse2/sample.json
large texts/FindAllMemchrCrate/BACILLUS_FASTA/native-sse2/tukey.json
large texts/FindAllMemchrCrate/BACILLUS_FASTA/native-sse4/
large texts/FindAllMemchrCrate/BACILLUS_FASTA/native-sse4/benchmark.json
large texts/FindAllMemchrCrate/BACILLUS_FASTA/native-sse4/estimates.json
large texts/FindAllMemchrCrate/BACILLUS_FASTA/native-sse4/sample.json
large texts/FindAllMemchrCrate/BACILLUS_FASTA/native-sse4/tukey.json
large texts/FindAllMemchrCrate/BACILLUS_FASTA/native/
large texts/FindAllMemchrCrate/BACILLUS_FASTA/native/benchmark.json
large texts/FindAllMemchrCrate/BACILLUS_FASTA/native/estimates.json
large texts/FindAllMemchrCrate/BACILLUS_FASTA/native/sample.json
large texts/FindAllMemchrCrate/BACILLUS_FASTA/native/tukey.json
large texts/FindAllMemchrCrate/BACILLUS_FASTA/new/
large texts/FindAllMemchrCrate/BACILLUS_FASTA/new/benchmark.json
large texts/FindAllMemchrCrate/BACILLUS_FASTA/new/estimates.json
large texts/FindAllMemchrCrate/BACILLUS_FASTA/new/sample.json
large texts/FindAllMemchrCrate/BACILLUS_FASTA/new/tukey.json
large texts/FindAllViaSimd16/
large texts/FindAllViaSimd16/A_TALE_OF_TWO_CITIES/
large texts/FindAllViaSimd16/A_TALE_OF_TWO_CITIES/default/
large texts/FindAllViaSimd16/A_TALE_OF_TWO_CITIES/default/benchmark.json
large texts/FindAllViaSimd16/A_TALE_OF_TWO_CITIES/default/estimates.json
large texts/FindAllViaSimd16/A_TALE_OF_TWO_CITIES/default/sample.json
large texts/FindAllViaSimd16/A_TALE_OF_TWO_CITIES/default/tukey.json
large texts/FindAllViaSimd16/A_TALE_OF_TWO_CITIES/native-avx/
large texts/FindAllViaSimd16/A_TALE_OF_TWO_CITIES/native-avx/benchmark.json
large texts/FindAllViaSimd16/A_TALE_OF_TWO_CITIES/native-avx/estimates.json
large texts/FindAllViaSimd16/A_TALE_OF_TWO_CITIES/native-avx/sample.json
large texts/FindAllViaSimd16/A_TALE_OF_TWO_CITIES/native-avx/tukey.json
large texts/FindAllViaSimd16/A_TALE_OF_TWO_CITIES/native-avx2/
large texts/FindAllViaSimd16/A_TALE_OF_TWO_CITIES/native-avx2/benchmark.json
large texts/FindAllViaSimd16/A_TALE_OF_TWO_CITIES/native-avx2/estimates.json
large texts/FindAllViaSimd16/A_TALE_OF_TWO_CITIES/native-avx2/sample.json
large texts/FindAllViaSimd16/A_TALE_OF_TWO_CITIES/native-avx2/tukey.json
large texts/FindAllViaSimd16/A_TALE_OF_TWO_CITIES/native-sse2/
large texts/FindAllViaSimd16/A_TALE_OF_TWO_CITIES/native-sse2/benchmark.json
large texts/FindAllViaSimd16/A_TALE_OF_TWO_CITIES/native-sse2/estimates.json
large texts/FindAllViaSimd16/A_TALE_OF_TWO_CITIES/native-sse2/sample.json
large texts/FindAllViaSimd16/A_TALE_OF_TWO_CITIES/native-sse2/tukey.json
large texts/FindAllViaSimd16/A_TALE_OF_TWO_CITIES/native-sse4/
large texts/FindAllViaSimd16/A_TALE_OF_TWO_CITIES/native-sse4/benchmark.json
large texts/FindAllViaSimd16/A_TALE_OF_TWO_CITIES/native-sse4/estimates.json
large texts/FindAllViaSimd16/A_TALE_OF_TWO_CITIES/native-sse4/sample.json
large texts/FindAllViaSimd16/A_TALE_OF_TWO_CITIES/native-sse4/tukey.json
large texts/FindAllViaSimd16/A_TALE_OF_TWO_CITIES/native/
large texts/FindAllViaSimd16/A_TALE_OF_TWO_CITIES/native/benchmark.json
large texts/FindAllViaSimd16/A_TALE_OF_TWO_CITIES/native/estimates.json
large texts/FindAllViaSimd16/A_TALE_OF_TWO_CITIES/native/sample.json
large texts/FindAllViaSimd16/A_TALE_OF_TWO_CITIES/native/tukey.json
large texts/FindAllViaSimd16/A_TALE_OF_TWO_CITIES/new/
large texts/FindAllViaSimd16/A_TALE_OF_TWO_CITIES/new/benchmark.json
large texts/FindAllViaSimd16/A_TALE_OF_TWO_CITIES/new/estimates.json
large texts/FindAllViaSimd16/A_TALE_OF_TWO_CITIES/new/sample.json
large texts/FindAllViaSimd16/A_TALE_OF_TWO_CITIES/new/tukey.json
large texts/FindAllViaSimd16/BACILLUS_EMBL/
large texts/FindAllViaSimd16/BACILLUS_EMBL/default/
large texts/FindAllViaSimd16/BACILLUS_EMBL/default/benchmark.json
large texts/FindAllViaSimd16/BACILLUS_EMBL/default/estimates.json
large texts/FindAllViaSimd16/BACILLUS_EMBL/default/sample.json
large texts/FindAllViaSimd16/BACILLUS_EMBL/default/tukey.json
large texts/FindAllViaSimd16/BACILLUS_EMBL/native-avx/
large texts/FindAllViaSimd16/BACILLUS_EMBL/native-avx/benchmark.json
large texts/FindAllViaSimd16/BACILLUS_EMBL/native-avx/estimates.json
large texts/FindAllViaSimd16/BACILLUS_EMBL/native-avx/sample.json
large texts/FindAllViaSimd16/BACILLUS_EMBL/native-avx/tukey.json
large texts/FindAllViaSimd16/BACILLUS_EMBL/native-avx2/
large texts/FindAllViaSimd16/BACILLUS_EMBL/native-avx2/benchmark.json
large texts/FindAllViaSimd16/BACILLUS_EMBL/native-avx2/estimates.json
large texts/FindAllViaSimd16/BACILLUS_EMBL/native-avx2/sample.json
large texts/FindAllViaSimd16/BACILLUS_EMBL/native-avx2/tukey.json
large texts/FindAllViaSimd16/BACILLUS_EMBL/native-sse2/
large texts/FindAllViaSimd16/BACILLUS_EMBL/native-sse2/benchmark.json
large texts/FindAllViaSimd16/BACILLUS_EMBL/native-sse2/estimates.json
large texts/FindAllViaSimd16/BACILLUS_EMBL/native-sse2/sample.json
large texts/FindAllViaSimd16/BACILLUS_EMBL/native-sse2/tukey.json
large texts/FindAllViaSimd16/BACILLUS_EMBL/native-sse4/
large texts/FindAllViaSimd16/BACILLUS_EMBL/native-sse4/benchmark.json
large texts/FindAllViaSimd16/BACILLUS_EMBL/native-sse4/estimates.json
large texts/FindAllViaSimd16/BACILLUS_EMBL/native-sse4/sample.json
large texts/FindAllViaSimd16/BACILLUS_EMBL/native-sse4/tukey.json
large texts/FindAllViaSimd16/BACILLUS_EMBL/native/
large texts/FindAllViaSimd16/BACILLUS_EMBL/native/benchmark.json
large texts/FindAllViaSimd16/BACILLUS_EMBL/native/estimates.json
large texts/FindAllViaSimd16/BACILLUS_EMBL/native/sample.json
large texts/FindAllViaSimd16/BACILLUS_EMBL/native/tukey.json
large texts/FindAllViaSimd16/BACILLUS_EMBL/new/
large texts/FindAllViaSimd16/BACILLUS_EMBL/new/benchmark.json
large texts/FindAllViaSimd16/BACILLUS_EMBL/new/estimates.json
large texts/FindAllViaSimd16/BACILLUS_EMBL/new/sample.json
large texts/FindAllViaSimd16/BACILLUS_EMBL/new/tukey.json
large texts/FindAllViaSimd16/BACILLUS_FASTA/
large texts/FindAllViaSimd16/BACILLUS_FASTA/default/
large texts/FindAllViaSimd16/BACILLUS_FASTA/default/benchmark.json
large texts/FindAllViaSimd16/BACILLUS_FASTA/default/estimates.json
large texts/FindAllViaSimd16/BACILLUS_FASTA/default/sample.json
large texts/FindAllViaSimd16/BACILLUS_FASTA/default/tukey.json
large texts/FindAllViaSimd16/BACILLUS_FASTA/native-avx/
large texts/FindAllViaSimd16/BACILLUS_FASTA/native-avx/benchmark.json
large texts/FindAllViaSimd16/BACILLUS_FASTA/native-avx/estimates.json
large texts/FindAllViaSimd16/BACILLUS_FASTA/native-avx/sample.json
large texts/FindAllViaSimd16/BACILLUS_FASTA/native-avx/tukey.json
large texts/FindAllViaSimd16/BACILLUS_FASTA/native-avx2/
large texts/FindAllViaSimd16/BACILLUS_FASTA/native-avx2/benchmark.json
large texts/FindAllViaSimd16/BACILLUS_FASTA/native-avx2/estimates.json
large texts/FindAllViaSimd16/BACILLUS_FASTA/native-avx2/sample.json
large texts/FindAllViaSimd16/BACILLUS_FASTA/native-avx2/tukey.json
large texts/FindAllViaSimd16/BACILLUS_FASTA/native-sse2/
large texts/FindAllViaSimd16/BACILLUS_FASTA/native-sse2/benchmark.json
large texts/FindAllViaSimd16/BACILLUS_FASTA/native-sse2/estimates.json
large texts/FindAllViaSimd16/BACILLUS_FASTA/native-sse2/sample.json
large texts/FindAllViaSimd16/BACILLUS_FASTA/native-sse2/tukey.json
large texts/FindAllViaSimd16/BACILLUS_FASTA/native-sse4/
large texts/FindAllViaSimd16/BACILLUS_FASTA/native-sse4/benchmark.json
large texts/FindAllViaSimd16/BACILLUS_FASTA/native-sse4/estimates.json
large texts/FindAllViaSimd16/BACILLUS_FASTA/native-sse4/sample.json
large texts/FindAllViaSimd16/BACILLUS_FASTA/native-sse4/tukey.json
large texts/FindAllViaSimd16/BACILLUS_FASTA/native/
large texts/FindAllViaSimd16/BACILLUS_FASTA/native/benchmark.json
large texts/FindAllViaSimd16/BACILLUS_FASTA/native/estimates.json
large texts/FindAllViaSimd16/BACILLUS_FASTA/native/sample.json
large texts/FindAllViaSimd16/BACILLUS_FASTA/native/tukey.json
large texts/FindAllViaSimd16/BACILLUS_FASTA/new/
large texts/FindAllViaSimd16/BACILLUS_FASTA/new/benchmark.json
large texts/FindAllViaSimd16/BACILLUS_FASTA/new/estimates.json
large texts/FindAllViaSimd16/BACILLUS_FASTA/new/sample.json
large texts/FindAllViaSimd16/BACILLUS_FASTA/new/tukey.json
large texts/FindAllViaSimd32/
large texts/FindAllViaSimd32/A_TALE_OF_TWO_CITIES/
large texts/FindAllViaSimd32/A_TALE_OF_TWO_CITIES/default/
large texts/FindAllViaSimd32/A_TALE_OF_TWO_CITIES/default/benchmark.json
large texts/FindAllViaSimd32/A_TALE_OF_TWO_CITIES/default/estimates.json
large texts/FindAllViaSimd32/A_TALE_OF_TWO_CITIES/default/sample.json
large texts/FindAllViaSimd32/A_TALE_OF_TWO_CITIES/default/tukey.json
large texts/FindAllViaSimd32/A_TALE_OF_TWO_CITIES/native-avx/
large texts/FindAllViaSimd32/A_TALE_OF_TWO_CITIES/native-avx/benchmark.json
large texts/FindAllViaSimd32/A_TALE_OF_TWO_CITIES/native-avx/estimates.json
large texts/FindAllViaSimd32/A_TALE_OF_TWO_CITIES/native-avx/sample.json
large texts/FindAllViaSimd32/A_TALE_OF_TWO_CITIES/native-avx/tukey.json
large texts/FindAllViaSimd32/A_TALE_OF_TWO_CITIES/native-avx2/
large texts/FindAllViaSimd32/A_TALE_OF_TWO_CITIES/native-avx2/benchmark.json
large texts/FindAllViaSimd32/A_TALE_OF_TWO_CITIES/native-avx2/estimates.json
large texts/FindAllViaSimd32/A_TALE_OF_TWO_CITIES/native-avx2/sample.json
large texts/FindAllViaSimd32/A_TALE_OF_TWO_CITIES/native-avx2/tukey.json
large texts/FindAllViaSimd32/A_TALE_OF_TWO_CITIES/native-sse2/
large texts/FindAllViaSimd32/A_TALE_OF_TWO_CITIES/native-sse2/benchmark.json
large texts/FindAllViaSimd32/A_TALE_OF_TWO_CITIES/native-sse2/estimates.json
large texts/FindAllViaSimd32/A_TALE_OF_TWO_CITIES/native-sse2/sample.json
large texts/FindAllViaSimd32/A_TALE_OF_TWO_CITIES/native-sse2/tukey.json
large texts/FindAllViaSimd32/A_TALE_OF_TWO_CITIES/native-sse4/
large texts/FindAllViaSimd32/A_TALE_OF_TWO_CITIES/native-sse4/benchmark.json
large texts/FindAllViaSimd32/A_TALE_OF_TWO_CITIES/native-sse4/estimates.json
large texts/FindAllViaSimd32/A_TALE_OF_TWO_CITIES/native-sse4/sample.json
large texts/FindAllViaSimd32/A_TALE_OF_TWO_CITIES/native-sse4/tukey.json
large texts/FindAllViaSimd32/A_TALE_OF_TWO_CITIES/native/
large texts/FindAllViaSimd32/A_TALE_OF_TWO_CITIES/native/benchmark.json
large texts/FindAllViaSimd32/A_TALE_OF_TWO_CITIES/native/estimates.json
large texts/FindAllViaSimd32/A_TALE_OF_TWO_CITIES/native/sample.json
large texts/FindAllViaSimd32/A_TALE_OF_TWO_CITIES/native/tukey.json
large texts/FindAllViaSimd32/A_TALE_OF_TWO_CITIES/new/
large texts/FindAllViaSimd32/A_TALE_OF_TWO_CITIES/new/benchmark.json
large texts/FindAllViaSimd32/A_TALE_OF_TWO_CITIES/new/estimates.json
large texts/FindAllViaSimd32/A_TALE_OF_TWO_CITIES/new/sample.json
large texts/FindAllViaSimd32/A_TALE_OF_TWO_CITIES/new/tukey.json
large texts/FindAllViaSimd32/BACILLUS_EMBL/
large texts/FindAllViaSimd32/BACILLUS_EMBL/default/
large texts/FindAllViaSimd32/BACILLUS_EMBL/default/benchmark.json
large texts/FindAllViaSimd32/BACILLUS_EMBL/default/estimates.json
large texts/FindAllViaSimd32/BACILLUS_EMBL/default/sample.json
large texts/FindAllViaSimd32/BACILLUS_EMBL/default/tukey.json
large texts/FindAllViaSimd32/BACILLUS_EMBL/native-avx/
large texts/FindAllViaSimd32/BACILLUS_EMBL/native-avx/benchmark.json
large texts/FindAllViaSimd32/BACILLUS_EMBL/native-avx/estimates.json
large texts/FindAllViaSimd32/BACILLUS_EMBL/native-avx/sample.json
large texts/FindAllViaSimd32/BACILLUS_EMBL/native-avx/tukey.json
large texts/FindAllViaSimd32/BACILLUS_EMBL/native-avx2/
large texts/FindAllViaSimd32/BACILLUS_EMBL/native-avx2/benchmark.json
large texts/FindAllViaSimd32/BACILLUS_EMBL/native-avx2/estimates.json
large texts/FindAllViaSimd32/BACILLUS_EMBL/native-avx2/sample.json
large texts/FindAllViaSimd32/BACILLUS_EMBL/native-avx2/tukey.json
large texts/FindAllViaSimd32/BACILLUS_EMBL/native-sse2/
large texts/FindAllViaSimd32/BACILLUS_EMBL/native-sse2/benchmark.json
large texts/FindAllViaSimd32/BACILLUS_EMBL/native-sse2/estimates.json
large texts/FindAllViaSimd32/BACILLUS_EMBL/native-sse2/sample.json
large texts/FindAllViaSimd32/BACILLUS_EMBL/native-sse2/tukey.json
large texts/FindAllViaSimd32/BACILLUS_EMBL/native-sse4/
large texts/FindAllViaSimd32/BACILLUS_EMBL/native-sse4/benchmark.json
large texts/FindAllViaSimd32/BACILLUS_EMBL/native-sse4/estimates.json
large texts/FindAllViaSimd32/BACILLUS_EMBL/native-sse4/sample.json
large texts/FindAllViaSimd32/BACILLUS_EMBL/native-sse4/tukey.json
large texts/FindAllViaSimd32/BACILLUS_EMBL/native/
large texts/FindAllViaSimd32/BACILLUS_EMBL/native/benchmark.json
large texts/FindAllViaSimd32/BACILLUS_EMBL/native/estimates.json
large texts/FindAllViaSimd32/BACILLUS_EMBL/native/sample.json
large texts/FindAllViaSimd32/BACILLUS_EMBL/native/tukey.json
large texts/FindAllViaSimd32/BACILLUS_EMBL/new/
large texts/FindAllViaSimd32/BACILLUS_EMBL/new/benchmark.json
large texts/FindAllViaSimd32/BACILLUS_EMBL/new/estimates.json
large texts/FindAllViaSimd32/BACILLUS_EMBL/new/sample.json
large texts/FindAllViaSimd32/BACILLUS_EMBL/new/tukey.json
large texts/FindAllViaSimd32/BACILLUS_FASTA/
large texts/FindAllViaSimd32/BACILLUS_FASTA/default/
large texts/FindAllViaSimd32/BACILLUS_FASTA/default/benchmark.json
large texts/FindAllViaSimd32/BACILLUS_FASTA/default/estimates.json
large texts/FindAllViaSimd32/BACILLUS_FASTA/default/sample.json
large texts/FindAllViaSimd32/BACILLUS_FASTA/default/tukey.json
large texts/FindAllViaSimd32/BACILLUS_FASTA/native-avx/
large texts/FindAllViaSimd32/BACILLUS_FASTA/native-avx/benchmark.json
large texts/FindAllViaSimd32/BACILLUS_FASTA/native-avx/estimates.json
large texts/FindAllViaSimd32/BACILLUS_FASTA/native-avx/sample.json
large texts/FindAllViaSimd32/BACILLUS_FASTA/native-avx/tukey.json
large texts/FindAllViaSimd32/BACILLUS_FASTA/native-avx2/
large texts/FindAllViaSimd32/BACILLUS_FASTA/native-avx2/benchmark.json
large texts/FindAllViaSimd32/BACILLUS_FASTA/native-avx2/estimates.json
large texts/FindAllViaSimd32/BACILLUS_FASTA/native-avx2/sample.json
large texts/FindAllViaSimd32/BACILLUS_FASTA/native-avx2/tukey.json
large texts/FindAllViaSimd32/BACILLUS_FASTA/native-sse2/
large texts/FindAllViaSimd32/BACILLUS_FASTA/native-sse2/benchmark.json
large texts/FindAllViaSimd32/BACILLUS_FASTA/native-sse2/estimates.json
large texts/FindAllViaSimd32/BACILLUS_FASTA/native-sse2/sample.json
large texts/FindAllViaSimd32/BACILLUS_FASTA/native-sse2/tukey.json
large texts/FindAllViaSimd32/BACILLUS_FASTA/native-sse4/
large texts/FindAllViaSimd32/BACILLUS_FASTA/native-sse4/benchmark.json
large texts/FindAllViaSimd32/BACILLUS_FASTA/native-sse4/estimates.json
large texts/FindAllViaSimd32/BACILLUS_FASTA/native-sse4/sample.json
large texts/FindAllViaSimd32/BACILLUS_FASTA/native-sse4/tukey.json
large texts/FindAllViaSimd32/BACILLUS_FASTA/native/
large texts/FindAllViaSimd32/BACILLUS_FASTA/native/benchmark.json
large texts/FindAllViaSimd32/BACILLUS_FASTA/native/estimates.json
large texts/FindAllViaSimd32/BACILLUS_FASTA/native/sample.json
large texts/FindAllViaSimd32/BACILLUS_FASTA/native/tukey.json
large texts/FindAllViaSimd32/BACILLUS_FASTA/new/
large texts/FindAllViaSimd32/BACILLUS_FASTA/new/benchmark.json
large texts/FindAllViaSimd32/BACILLUS_FASTA/new/estimates.json
large texts/FindAllViaSimd32/BACILLUS_FASTA/new/sample.json
large texts/FindAllViaSimd32/BACILLUS_FASTA/new/tukey.json
large texts/FindAllViaSimd64/
large texts/FindAllViaSimd64/A_TALE_OF_TWO_CITIES/
large texts/FindAllViaSimd64/A_TALE_OF_TWO_CITIES/default/
large texts/FindAllViaSimd64/A_TALE_OF_TWO_CITIES/default/benchmark.json
large texts/FindAllViaSimd64/A_TALE_OF_TWO_CITIES/default/estimates.json
large texts/FindAllViaSimd64/A_TALE_OF_TWO_CITIES/default/sample.json
large texts/FindAllViaSimd64/A_TALE_OF_TWO_CITIES/default/tukey.json
large texts/FindAllViaSimd64/A_TALE_OF_TWO_CITIES/native-avx/
large texts/FindAllViaSimd64/A_TALE_OF_TWO_CITIES/native-avx/benchmark.json
large texts/FindAllViaSimd64/A_TALE_OF_TWO_CITIES/native-avx/estimates.json
large texts/FindAllViaSimd64/A_TALE_OF_TWO_CITIES/native-avx/sample.json
large texts/FindAllViaSimd64/A_TALE_OF_TWO_CITIES/native-avx/tukey.json
large texts/FindAllViaSimd64/A_TALE_OF_TWO_CITIES/native-avx2/
large texts/FindAllViaSimd64/A_TALE_OF_TWO_CITIES/native-avx2/benchmark.json
large texts/FindAllViaSimd64/A_TALE_OF_TWO_CITIES/native-avx2/estimates.json
large texts/FindAllViaSimd64/A_TALE_OF_TWO_CITIES/native-avx2/sample.json
large texts/FindAllViaSimd64/A_TALE_OF_TWO_CITIES/native-avx2/tukey.json
large texts/FindAllViaSimd64/A_TALE_OF_TWO_CITIES/native-sse2/
large texts/FindAllViaSimd64/A_TALE_OF_TWO_CITIES/native-sse2/benchmark.json
large texts/FindAllViaSimd64/A_TALE_OF_TWO_CITIES/native-sse2/estimates.json
large texts/FindAllViaSimd64/A_TALE_OF_TWO_CITIES/native-sse2/sample.json
large texts/FindAllViaSimd64/A_TALE_OF_TWO_CITIES/native-sse2/tukey.json
large texts/FindAllViaSimd64/A_TALE_OF_TWO_CITIES/native-sse4/
large texts/FindAllViaSimd64/A_TALE_OF_TWO_CITIES/native-sse4/benchmark.json
large texts/FindAllViaSimd64/A_TALE_OF_TWO_CITIES/native-sse4/estimates.json
large texts/FindAllViaSimd64/A_TALE_OF_TWO_CITIES/native-sse4/sample.json
large texts/FindAllViaSimd64/A_TALE_OF_TWO_CITIES/native-sse4/tukey.json
large texts/FindAllViaSimd64/A_TALE_OF_TWO_CITIES/native/
large texts/FindAllViaSimd64/A_TALE_OF_TWO_CITIES/native/benchmark.json
large texts/FindAllViaSimd64/A_TALE_OF_TWO_CITIES/native/estimates.json
large texts/FindAllViaSimd64/A_TALE_OF_TWO_CITIES/native/sample.json
large texts/FindAllViaSimd64/A_TALE_OF_TWO_CITIES/native/tukey.json
large texts/FindAllViaSimd64/A_TALE_OF_TWO_CITIES/new/
large texts/FindAllViaSimd64/A_TALE_OF_TWO_CITIES/new/benchmark.json
large texts/FindAllViaSimd64/A_TALE_OF_TWO_CITIES/new/estimates.json
large texts/FindAllViaSimd64/A_TALE_OF_TWO_CITIES/new/sample.json
large texts/FindAllViaSimd64/A_TALE_OF_TWO_CITIES/new/tukey.json
large texts/FindAllViaSimd64/BACILLUS_EMBL/
large texts/FindAllViaSimd64/BACILLUS_EMBL/default/
large texts/FindAllViaSimd64/BACILLUS_EMBL/default/benchmark.json
large texts/FindAllViaSimd64/BACILLUS_EMBL/default/estimates.json
large texts/FindAllViaSimd64/BACILLUS_EMBL/default/sample.json
large texts/FindAllViaSimd64/BACILLUS_EMBL/default/tukey.json
large texts/FindAllViaSimd64/BACILLUS_EMBL/native-avx/
large texts/FindAllViaSimd64/BACILLUS_EMBL/native-avx/benchmark.json
large texts/FindAllViaSimd64/BACILLUS_EMBL/native-avx/estimates.json
large texts/FindAllViaSimd64/BACILLUS_EMBL/native-avx/sample.json
large texts/FindAllViaSimd64/BACILLUS_EMBL/native-avx/tukey.json
large texts/FindAllViaSimd64/BACILLUS_EMBL/native-avx2/
large texts/FindAllViaSimd64/BACILLUS_EMBL/native-avx2/benchmark.json
large texts/FindAllViaSimd64/BACILLUS_EMBL/native-avx2/estimates.json
large texts/FindAllViaSimd64/BACILLUS_EMBL/native-avx2/sample.json
large texts/FindAllViaSimd64/BACILLUS_EMBL/native-avx2/tukey.json
large texts/FindAllViaSimd64/BACILLUS_EMBL/native-sse2/
large texts/FindAllViaSimd64/BACILLUS_EMBL/native-sse2/benchmark.json
large texts/FindAllViaSimd64/BACILLUS_EMBL/native-sse2/estimates.json
large texts/FindAllViaSimd64/BACILLUS_EMBL/native-sse2/sample.json
large texts/FindAllViaSimd64/BACILLUS_EMBL/native-sse2/tukey.json
large texts/FindAllViaSimd64/BACILLUS_EMBL/native-sse4/
large texts/FindAllViaSimd64/BACILLUS_EMBL/native-sse4/benchmark.json
large texts/FindAllViaSimd64/BACILLUS_EMBL/native-sse4/estimates.json
large texts/FindAllViaSimd64/BACILLUS_EMBL/native-sse4/sample.json
large texts/FindAllViaSimd64/BACILLUS_EMBL/native-sse4/tukey.json
large texts/FindAllViaSimd64/BACILLUS_EMBL/native/
large texts/FindAllViaSimd64/BACILLUS_EMBL/native/benchmark.json
large texts/FindAllViaSimd64/BACILLUS_EMBL/native/estimates.json
large texts/FindAllViaSimd64/BACILLUS_EMBL/native/sample.json
large texts/FindAllViaSimd64/BACILLUS_EMBL/native/tukey.json
large texts/FindAllViaSimd64/BACILLUS_EMBL/new/
large texts/FindAllViaSimd64/BACILLUS_EMBL/new/benchmark.json
large texts/FindAllViaSimd64/BACILLUS_EMBL/new/estimates.json
large texts/FindAllViaSimd64/BACILLUS_EMBL/new/sample.json
large texts/FindAllViaSimd64/BACILLUS_EMBL/new/tukey.json
large texts/FindAllViaSimd64/BACILLUS_FASTA/
large texts/FindAllViaSimd64/BACILLUS_FASTA/default/
large texts/FindAllViaSimd64/BACILLUS_FASTA/default/benchmark.json
large texts/FindAllViaSimd64/BACILLUS_FASTA/default/estimates.json
large texts/FindAllViaSimd64/BACILLUS_FASTA/default/sample.json
large texts/FindAllViaSimd64/BACILLUS_FASTA/default/tukey.json
large texts/FindAllViaSimd64/BACILLUS_FASTA/native-avx/
large texts/FindAllViaSimd64/BACILLUS_FASTA/native-avx/benchmark.json
large texts/FindAllViaSimd64/BACILLUS_FASTA/native-avx/estimates.json
large texts/FindAllViaSimd64/BACILLUS_FASTA/native-avx/sample.json
large texts/FindAllViaSimd64/BACILLUS_FASTA/native-avx/tukey.json
large texts/FindAllViaSimd64/BACILLUS_FASTA/native-avx2/
large texts/FindAllViaSimd64/BACILLUS_FASTA/native-avx2/benchmark.json
large texts/FindAllViaSimd64/BACILLUS_FASTA/native-avx2/estimates.json
large texts/FindAllViaSimd64/BACILLUS_FASTA/native-avx2/sample.json
large texts/FindAllViaSimd64/BACILLUS_FASTA/native-avx2/tukey.json
large texts/FindAllViaSimd64/BACILLUS_FASTA/native-sse2/
large texts/FindAllViaSimd64/BACILLUS_FASTA/native-sse2/benchmark.json
large texts/FindAllViaSimd64/BACILLUS_FASTA/native-sse2/estimates.json
large texts/FindAllViaSimd64/BACILLUS_FASTA/native-sse2/sample.json
large texts/FindAllViaSimd64/BACILLUS_FASTA/native-sse2/tukey.json
large texts/FindAllViaSimd64/BACILLUS_FASTA/native-sse4/
large texts/FindAllViaSimd64/BACILLUS_FASTA/native-sse4/benchmark.json
large texts/FindAllViaSimd64/BACILLUS_FASTA/native-sse4/estimates.json
large texts/FindAllViaSimd64/BACILLUS_FASTA/native-sse4/sample.json
large texts/FindAllViaSimd64/BACILLUS_FASTA/native-sse4/tukey.json
large texts/FindAllViaSimd64/BACILLUS_FASTA/native/
large texts/FindAllViaSimd64/BACILLUS_FASTA/native/benchmark.json
large texts/FindAllViaSimd64/BACILLUS_FASTA/native/estimates.json
large texts/FindAllViaSimd64/BACILLUS_FASTA/native/sample.json
large texts/FindAllViaSimd64/BACILLUS_FASTA/native/tukey.json
large texts/FindAllViaSimd64/BACILLUS_FASTA/new/
large texts/FindAllViaSimd64/BACILLUS_FASTA/new/benchmark.json
large texts/FindAllViaSimd64/BACILLUS_FASTA/new/estimates.json
large texts/FindAllViaSimd64/BACILLUS_FASTA/new/sample.json
large texts/FindAllViaSimd64/BACILLUS_FASTA/new/tukey.json
large texts/FindAllViaU16/
large texts/FindAllViaU16/A_TALE_OF_TWO_CITIES/
large texts/FindAllViaU16/A_TALE_OF_TWO_CITIES/default/
large texts/FindAllViaU16/A_TALE_OF_TWO_CITIES/default/benchmark.json
large texts/FindAllViaU16/A_TALE_OF_TWO_CITIES/default/estimates.json
large texts/FindAllViaU16/A_TALE_OF_TWO_CITIES/default/sample.json
large texts/FindAllViaU16/A_TALE_OF_TWO_CITIES/default/tukey.json
large texts/FindAllViaU16/A_TALE_OF_TWO_CITIES/native-avx/
large texts/FindAllViaU16/A_TALE_OF_TWO_CITIES/native-avx/benchmark.json
large texts/FindAllViaU16/A_TALE_OF_TWO_CITIES/native-avx/estimates.json
large texts/FindAllViaU16/A_TALE_OF_TWO_CITIES/native-avx/sample.json
large texts/FindAllViaU16/A_TALE_OF_TWO_CITIES/native-avx/tukey.json
large texts/FindAllViaU16/A_TALE_OF_TWO_CITIES/native-avx2/
large texts/FindAllViaU16/A_TALE_OF_TWO_CITIES/native-avx2/benchmark.json
large texts/FindAllViaU16/A_TALE_OF_TWO_CITIES/native-avx2/estimates.json
large texts/FindAllViaU16/A_TALE_OF_TWO_CITIES/native-avx2/sample.json
large texts/FindAllViaU16/A_TALE_OF_TWO_CITIES/native-avx2/tukey.json
large texts/FindAllViaU16/A_TALE_OF_TWO_CITIES/native-sse2/
large texts/FindAllViaU16/A_TALE_OF_TWO_CITIES/native-sse2/benchmark.json
large texts/FindAllViaU16/A_TALE_OF_TWO_CITIES/native-sse2/estimates.json
large texts/FindAllViaU16/A_TALE_OF_TWO_CITIES/native-sse2/sample.json
large texts/FindAllViaU16/A_TALE_OF_TWO_CITIES/native-sse2/tukey.json
large texts/FindAllViaU16/A_TALE_OF_TWO_CITIES/native-sse4/
large texts/FindAllViaU16/A_TALE_OF_TWO_CITIES/native-sse4/benchmark.json
large texts/FindAllViaU16/A_TALE_OF_TWO_CITIES/native-sse4/estimates.json
large texts/FindAllViaU16/A_TALE_OF_TWO_CITIES/native-sse4/sample.json
large texts/FindAllViaU16/A_TALE_OF_TWO_CITIES/native-sse4/tukey.json
large texts/FindAllViaU16/A_TALE_OF_TWO_CITIES/native/
large texts/FindAllViaU16/A_TALE_OF_TWO_CITIES/native/benchmark.json
large texts/FindAllViaU16/A_TALE_OF_TWO_CITIES/native/estimates.json
large texts/FindAllViaU16/A_TALE_OF_TWO_CITIES/native/sample.json
large texts/FindAllViaU16/A_TALE_OF_TWO_CITIES/native/tukey.json
large texts/FindAllViaU16/A_TALE_OF_TWO_CITIES/new/
large texts/FindAllViaU16/A_TALE_OF_TWO_CITIES/new/benchmark.json
large texts/FindAllViaU16/A_TALE_OF_TWO_CITIES/new/estimates.json
large texts/FindAllViaU16/A_TALE_OF_TWO_CITIES/new/sample.json
large texts/FindAllViaU16/A_TALE_OF_TWO_CITIES/new/tukey.json
large texts/FindAllViaU16/BACILLUS_EMBL/
large texts/FindAllViaU16/BACILLUS_EMBL/default/
large texts/FindAllViaU16/BACILLUS_EMBL/default/benchmark.json
large texts/FindAllViaU16/BACILLUS_EMBL/default/estimates.json
large texts/FindAllViaU16/BACILLUS_EMBL/default/sample.json
large texts/FindAllViaU16/BACILLUS_EMBL/default/tukey.json
large texts/FindAllViaU16/BACILLUS_EMBL/native-avx/
large texts/FindAllViaU16/BACILLUS_EMBL/native-avx/benchmark.json
large texts/FindAllViaU16/BACILLUS_EMBL/native-avx/estimates.json
large texts/FindAllViaU16/BACILLUS_EMBL/native-avx/sample.json
large texts/FindAllViaU16/BACILLUS_EMBL/native-avx/tukey.json
large texts/FindAllViaU16/BACILLUS_EMBL/native-avx2/
large texts/FindAllViaU16/BACILLUS_EMBL/native-avx2/benchmark.json
large texts/FindAllViaU16/BACILLUS_EMBL/native-avx2/estimates.json
large texts/FindAllViaU16/BACILLUS_EMBL/native-avx2/sample.json
large texts/FindAllViaU16/BACILLUS_EMBL/native-avx2/tukey.json
large texts/FindAllViaU16/BACILLUS_EMBL/native-sse2/
large texts/FindAllViaU16/BACILLUS_EMBL/native-sse2/benchmark.json
large texts/FindAllViaU16/BACILLUS_EMBL/native-sse2/estimates.json
large texts/FindAllViaU16/BACILLUS_EMBL/native-sse2/sample.json
large texts/FindAllViaU16/BACILLUS_EMBL/native-sse2/tukey.json
large texts/FindAllViaU16/BACILLUS_EMBL/native-sse4/
large texts/FindAllViaU16/BACILLUS_EMBL/native-sse4/benchmark.json
large texts/FindAllViaU16/BACILLUS_EMBL/native-sse4/estimates.json
large texts/FindAllViaU16/BACILLUS_EMBL/native-sse4/sample.json
large texts/FindAllViaU16/BACILLUS_EMBL/native-sse4/tukey.json
large texts/FindAllViaU16/BACILLUS_EMBL/native/
large texts/FindAllViaU16/BACILLUS_EMBL/native/benchmark.json
large texts/FindAllViaU16/BACILLUS_EMBL/native/estimates.json
large texts/FindAllViaU16/BACILLUS_EMBL/native/sample.json
large texts/FindAllViaU16/BACILLUS_EMBL/native/tukey.json
large texts/FindAllViaU16/BACILLUS_EMBL/new/
large texts/FindAllViaU16/BACILLUS_EMBL/new/benchmark.json
large texts/FindAllViaU16/BACILLUS_EMBL/new/estimates.json
large texts/FindAllViaU16/BACILLUS_EMBL/new/sample.json
large texts/FindAllViaU16/BACILLUS_EMBL/new/tukey.json
large texts/FindAllViaU16/BACILLUS_FASTA/
large texts/FindAllViaU16/BACILLUS_FASTA/default/
large texts/FindAllViaU16/BACILLUS_FASTA/default/benchmark.json
large texts/FindAllViaU16/BACILLUS_FASTA/default/estimates.json
large texts/FindAllViaU16/BACILLUS_FASTA/default/sample.json
large texts/FindAllViaU16/BACILLUS_FASTA/default/tukey.json
large texts/FindAllViaU16/BACILLUS_FASTA/native-avx/
large texts/FindAllViaU16/BACILLUS_FASTA/native-avx/benchmark.json
large texts/FindAllViaU16/BACILLUS_FASTA/native-avx/estimates.json
large texts/FindAllViaU16/BACILLUS_FASTA/native-avx/sample.json
large texts/FindAllViaU16/BACILLUS_FASTA/native-avx/tukey.json
large texts/FindAllViaU16/BACILLUS_FASTA/native-avx2/
large texts/FindAllViaU16/BACILLUS_FASTA/native-avx2/benchmark.json
large texts/FindAllViaU16/BACILLUS_FASTA/native-avx2/estimates.json
large texts/FindAllViaU16/BACILLUS_FASTA/native-avx2/sample.json
large texts/FindAllViaU16/BACILLUS_FASTA/native-avx2/tukey.json
large texts/FindAllViaU16/BACILLUS_FASTA/native-sse2/
large texts/FindAllViaU16/BACILLUS_FASTA/native-sse2/benchmark.json
large texts/FindAllViaU16/BACILLUS_FASTA/native-sse2/estimates.json
large texts/FindAllViaU16/BACILLUS_FASTA/native-sse2/sample.json
large texts/FindAllViaU16/BACILLUS_FASTA/native-sse2/tukey.json
large texts/FindAllViaU16/BACILLUS_FASTA/native-sse4/
large texts/FindAllViaU16/BACILLUS_FASTA/native-sse4/benchmark.json
large texts/FindAllViaU16/BACILLUS_FASTA/native-sse4/estimates.json
large texts/FindAllViaU16/BACILLUS_FASTA/native-sse4/sample.json
large texts/FindAllViaU16/BACILLUS_FASTA/native-sse4/tukey.json
large texts/FindAllViaU16/BACILLUS_FASTA/native/
large texts/FindAllViaU16/BACILLUS_FASTA/native/benchmark.json
large texts/FindAllViaU16/BACILLUS_FASTA/native/estimates.json
large texts/FindAllViaU16/BACILLUS_FASTA/native/sample.json
large texts/FindAllViaU16/BACILLUS_FASTA/native/tukey.json
large texts/FindAllViaU16/BACILLUS_FASTA/new/
large texts/FindAllViaU16/BACILLUS_FASTA/new/benchmark.json
large texts/FindAllViaU16/BACILLUS_FASTA/new/estimates.json
large texts/FindAllViaU16/BACILLUS_FASTA/new/sample.json
large texts/FindAllViaU16/BACILLUS_FASTA/new/tukey.json
large texts/FindAllViaU32/
large texts/FindAllViaU32/A_TALE_OF_TWO_CITIES/
large texts/FindAllViaU32/A_TALE_OF_TWO_CITIES/default/
large texts/FindAllViaU32/A_TALE_OF_TWO_CITIES/default/benchmark.json
large texts/FindAllViaU32/A_TALE_OF_TWO_CITIES/default/estimates.json
large texts/FindAllViaU32/A_TALE_OF_TWO_CITIES/default/sample.json
large texts/FindAllViaU32/A_TALE_OF_TWO_CITIES/default/tukey.json
large texts/FindAllViaU32/A_TALE_OF_TWO_CITIES/native-avx/
large texts/FindAllViaU32/A_TALE_OF_TWO_CITIES/native-avx/benchmark.json
large texts/FindAllViaU32/A_TALE_OF_TWO_CITIES/native-avx/estimates.json
large texts/FindAllViaU32/A_TALE_OF_TWO_CITIES/native-avx/sample.json
large texts/FindAllViaU32/A_TALE_OF_TWO_CITIES/native-avx/tukey.json
large texts/FindAllViaU32/A_TALE_OF_TWO_CITIES/native-avx2/
large texts/FindAllViaU32/A_TALE_OF_TWO_CITIES/native-avx2/benchmark.json
large texts/FindAllViaU32/A_TALE_OF_TWO_CITIES/native-avx2/estimates.json
large texts/FindAllViaU32/A_TALE_OF_TWO_CITIES/native-avx2/sample.json
large texts/FindAllViaU32/A_TALE_OF_TWO_CITIES/native-avx2/tukey.json
large texts/FindAllViaU32/A_TALE_OF_TWO_CITIES/native-sse2/
large texts/FindAllViaU32/A_TALE_OF_TWO_CITIES/native-sse2/benchmark.json
large texts/FindAllViaU32/A_TALE_OF_TWO_CITIES/native-sse2/estimates.json
large texts/FindAllViaU32/A_TALE_OF_TWO_CITIES/native-sse2/sample.json
large texts/FindAllViaU32/A_TALE_OF_TWO_CITIES/native-sse2/tukey.json
large texts/FindAllViaU32/A_TALE_OF_TWO_CITIES/native-sse4/
large texts/FindAllViaU32/A_TALE_OF_TWO_CITIES/native-sse4/benchmark.json
large texts/FindAllViaU32/A_TALE_OF_TWO_CITIES/native-sse4/estimates.json
large texts/FindAllViaU32/A_TALE_OF_TWO_CITIES/native-sse4/sample.json
large texts/FindAllViaU32/A_TALE_OF_TWO_CITIES/native-sse4/tukey.json
large texts/FindAllViaU32/A_TALE_OF_TWO_CITIES/native/
large texts/FindAllViaU32/A_TALE_OF_TWO_CITIES/native/benchmark.json
large texts/FindAllViaU32/A_TALE_OF_TWO_CITIES/native/estimates.json
large texts/FindAllViaU32/A_TALE_OF_TWO_CITIES/native/sample.json
large texts/FindAllViaU32/A_TALE_OF_TWO_CITIES/native/tukey.json
large texts/FindAllViaU32/A_TALE_OF_TWO_CITIES/new/
large texts/FindAllViaU32/A_TALE_OF_TWO_CITIES/new/benchmark.json
large texts/FindAllViaU32/A_TALE_OF_TWO_CITIES/new/estimates.json
large texts/FindAllViaU32/A_TALE_OF_TWO_CITIES/new/sample.json
large texts/FindAllViaU32/A_TALE_OF_TWO_CITIES/new/tukey.json
large texts/FindAllViaU32/BACILLUS_EMBL/
large texts/FindAllViaU32/BACILLUS_EMBL/default/
large texts/FindAllViaU32/BACILLUS_EMBL/default/benchmark.json
large texts/FindAllViaU32/BACILLUS_EMBL/default/estimates.json
large texts/FindAllViaU32/BACILLUS_EMBL/default/sample.json
large texts/FindAllViaU32/BACILLUS_EMBL/default/tukey.json
large texts/FindAllViaU32/BACILLUS_EMBL/native-avx/
large texts/FindAllViaU32/BACILLUS_EMBL/native-avx/benchmark.json
large texts/FindAllViaU32/BACILLUS_EMBL/native-avx/estimates.json
large texts/FindAllViaU32/BACILLUS_EMBL/native-avx/sample.json
large texts/FindAllViaU32/BACILLUS_EMBL/native-avx/tukey.json
large texts/FindAllViaU32/BACILLUS_EMBL/native-avx2/
large texts/FindAllViaU32/BACILLUS_EMBL/native-avx2/benchmark.json
large texts/FindAllViaU32/BACILLUS_EMBL/native-avx2/estimates.json
large texts/FindAllViaU32/BACILLUS_EMBL/native-avx2/sample.json
large texts/FindAllViaU32/BACILLUS_EMBL/native-avx2/tukey.json
large texts/FindAllViaU32/BACILLUS_EMBL/native-sse2/
large texts/FindAllViaU32/BACILLUS_EMBL/native-sse2/benchmark.json
large texts/FindAllViaU32/BACILLUS_EMBL/native-sse2/estimates.json
large texts/FindAllViaU32/BACILLUS_EMBL/native-sse2/sample.json
large texts/FindAllViaU32/BACILLUS_EMBL/native-sse2/tukey.json
large texts/FindAllViaU32/BACILLUS_EMBL/native-sse4/
large texts/FindAllViaU32/BACILLUS_EMBL/native-sse4/benchmark.json
large texts/FindAllViaU32/BACILLUS_EMBL/native-sse4/estimates.json
large texts/FindAllViaU32/BACILLUS_EMBL/native-sse4/sample.json
large texts/FindAllViaU32/BACILLUS_EMBL/native-sse4/tukey.json
large texts/FindAllViaU32/BACILLUS_EMBL/native/
large texts/FindAllViaU32/BACILLUS_EMBL/native/benchmark.json
large texts/FindAllViaU32/BACILLUS_EMBL/native/estimates.json
large texts/FindAllViaU32/BACILLUS_EMBL/native/sample.json
large texts/FindAllViaU32/BACILLUS_EMBL/native/tukey.json
large texts/FindAllViaU32/BACILLUS_EMBL/new/
large texts/FindAllViaU32/BACILLUS_EMBL/new/benchmark.json
large texts/FindAllViaU32/BACILLUS_EMBL/new/estimates.json
large texts/FindAllViaU32/BACILLUS_EMBL/new/sample.json
large texts/FindAllViaU32/BACILLUS_EMBL/new/tukey.json
large texts/FindAllViaU32/BACILLUS_FASTA/
large texts/FindAllViaU32/BACILLUS_FASTA/default/
large texts/FindAllViaU32/BACILLUS_FASTA/default/benchmark.json
large texts/FindAllViaU32/BACILLUS_FASTA/default/estimates.json
large texts/FindAllViaU32/BACILLUS_FASTA/default/sample.json
large texts/FindAllViaU32/BACILLUS_FASTA/default/tukey.json
large texts/FindAllViaU32/BACILLUS_FASTA/native-avx/
large texts/FindAllViaU32/BACILLUS_FASTA/native-avx/benchmark.json
large texts/FindAllViaU32/BACILLUS_FASTA/native-avx/estimates.json
large texts/FindAllViaU32/BACILLUS_FASTA/native-avx/sample.json
large texts/FindAllViaU32/BACILLUS_FASTA/native-avx/tukey.json
large texts/FindAllViaU32/BACILLUS_FASTA/native-avx2/
large texts/FindAllViaU32/BACILLUS_FASTA/native-avx2/benchmark.json
large texts/FindAllViaU32/BACILLUS_FASTA/native-avx2/estimates.json
large texts/FindAllViaU32/BACILLUS_FASTA/native-avx2/sample.json
large texts/FindAllViaU32/BACILLUS_FASTA/native-avx2/tukey.json
large texts/FindAllViaU32/BACILLUS_FASTA/native-sse2/
large texts/FindAllViaU32/BACILLUS_FASTA/native-sse2/benchmark.json
large texts/FindAllViaU32/BACILLUS_FASTA/native-sse2/estimates.json
large texts/FindAllViaU32/BACILLUS_FASTA/native-sse2/sample.json
large texts/FindAllViaU32/BACILLUS_FASTA/native-sse2/tukey.json
large texts/FindAllViaU32/BACILLUS_FASTA/native-sse4/
large texts/FindAllViaU32/BACILLUS_FASTA/native-sse4/benchmark.json
large texts/FindAllViaU32/BACILLUS_FASTA/native-sse4/estimates.json
large texts/FindAllViaU32/BACILLUS_FASTA/native-sse4/sample.json
large texts/FindAllViaU32/BACILLUS_FASTA/native-sse4/tukey.json
large texts/FindAllViaU32/BACILLUS_FASTA/native/
large texts/FindAllViaU32/BACILLUS_FASTA/native/benchmark.json
large texts/FindAllViaU32/BACILLUS_FASTA/native/estimates.json
large texts/FindAllViaU32/BACILLUS_FASTA/native/sample.json
large texts/FindAllViaU32/BACILLUS_FASTA/native/tukey.json
large texts/FindAllViaU32/BACILLUS_FASTA/new/
large texts/FindAllViaU32/BACILLUS_FASTA/new/benchmark.json
large texts/FindAllViaU32/BACILLUS_FASTA/new/estimates.json
large texts/FindAllViaU32/BACILLUS_FASTA/new/sample.json
large texts/FindAllViaU32/BACILLUS_FASTA/new/tukey.json
large texts/FindAllViaU64/
large texts/FindAllViaU64/A_TALE_OF_TWO_CITIES/
large texts/FindAllViaU64/A_TALE_OF_TWO_CITIES/default/
large texts/FindAllViaU64/A_TALE_OF_TWO_CITIES/default/benchmark.json
large texts/FindAllViaU64/A_TALE_OF_TWO_CITIES/default/estimates.json
large texts/FindAllViaU64/A_TALE_OF_TWO_CITIES/default/sample.json
large texts/FindAllViaU64/A_TALE_OF_TWO_CITIES/default/tukey.json
large texts/FindAllViaU64/A_TALE_OF_TWO_CITIES/native-avx/
large texts/FindAllViaU64/A_TALE_OF_TWO_CITIES/native-avx/benchmark.json
large texts/FindAllViaU64/A_TALE_OF_TWO_CITIES/native-avx/estimates.json
large texts/FindAllViaU64/A_TALE_OF_TWO_CITIES/native-avx/sample.json
large texts/FindAllViaU64/A_TALE_OF_TWO_CITIES/native-avx/tukey.json
large texts/FindAllViaU64/A_TALE_OF_TWO_CITIES/native-avx2/
large texts/FindAllViaU64/A_TALE_OF_TWO_CITIES/native-avx2/benchmark.json
large texts/FindAllViaU64/A_TALE_OF_TWO_CITIES/native-avx2/estimates.json
large texts/FindAllViaU64/A_TALE_OF_TWO_CITIES/native-avx2/sample.json
large texts/FindAllViaU64/A_TALE_OF_TWO_CITIES/native-avx2/tukey.json
large texts/FindAllViaU64/A_TALE_OF_TWO_CITIES/native-sse2/
large texts/FindAllViaU64/A_TALE_OF_TWO_CITIES/native-sse2/benchmark.json
large texts/FindAllViaU64/A_TALE_OF_TWO_CITIES/native-sse2/estimates.json
large texts/FindAllViaU64/A_TALE_OF_TWO_CITIES/native-sse2/sample.json
large texts/FindAllViaU64/A_TALE_OF_TWO_CITIES/native-sse2/tukey.json
large texts/FindAllViaU64/A_TALE_OF_TWO_CITIES/native-sse4/
large texts/FindAllViaU64/A_TALE_OF_TWO_CITIES/native-sse4/benchmark.json
large texts/FindAllViaU64/A_TALE_OF_TWO_CITIES/native-sse4/estimates.json
large texts/FindAllViaU64/A_TALE_OF_TWO_CITIES/native-sse4/sample.json
large texts/FindAllViaU64/A_TALE_OF_TWO_CITIES/native-sse4/tukey.json
large texts/FindAllViaU64/A_TALE_OF_TWO_CITIES/native/
large texts/FindAllViaU64/A_TALE_OF_TWO_CITIES/native/benchmark.json
large texts/FindAllViaU64/A_TALE_OF_TWO_CITIES/native/estimates.json
large texts/FindAllViaU64/A_TALE_OF_TWO_CITIES/native/sample.json
large texts/FindAllViaU64/A_TALE_OF_TWO_CITIES/native/tukey.json
large texts/FindAllViaU64/A_TALE_OF_TWO_CITIES/new/
large texts/FindAllViaU64/A_TALE_OF_TWO_CITIES/new/benchmark.json
large texts/FindAllViaU64/A_TALE_OF_TWO_CITIES/new/estimates.json
large texts/FindAllViaU64/A_TALE_OF_TWO_CITIES/new/sample.json
large texts/FindAllViaU64/A_TALE_OF_TWO_CITIES/new/tukey.json
large texts/FindAllViaU64/BACILLUS_EMBL/
large texts/FindAllViaU64/BACILLUS_EMBL/default/
large texts/FindAllViaU64/BACILLUS_EMBL/default/benchmark.json
large texts/FindAllViaU64/BACILLUS_EMBL/default/estimates.json
large texts/FindAllViaU64/BACILLUS_EMBL/default/sample.json
large texts/FindAllViaU64/BACILLUS_EMBL/default/tukey.json
large texts/FindAllViaU64/BACILLUS_EMBL/native-avx/
large texts/FindAllViaU64/BACILLUS_EMBL/native-avx/benchmark.json
large texts/FindAllViaU64/BACILLUS_EMBL/native-avx/estimates.json
large texts/FindAllViaU64/BACILLUS_EMBL/native-avx/sample.json
large texts/FindAllViaU64/BACILLUS_EMBL/native-avx/tukey.json
large texts/FindAllViaU64/BACILLUS_EMBL/native-avx2/
large texts/FindAllViaU64/BACILLUS_EMBL/native-avx2/benchmark.json
large texts/FindAllViaU64/BACILLUS_EMBL/native-avx2/estimates.json
large texts/FindAllViaU64/BACILLUS_EMBL/native-avx2/sample.json
large texts/FindAllViaU64/BACILLUS_EMBL/native-avx2/tukey.json
large texts/FindAllViaU64/BACILLUS_EMBL/native-sse2/
large texts/FindAllViaU64/BACILLUS_EMBL/native-sse2/benchmark.json
large texts/FindAllViaU64/BACILLUS_EMBL/native-sse2/estimates.json
large texts/FindAllViaU64/BACILLUS_EMBL/native-sse2/sample.json
large texts/FindAllViaU64/BACILLUS_EMBL/native-sse2/tukey.json
large texts/FindAllViaU64/BACILLUS_EMBL/native-sse4/
large texts/FindAllViaU64/BACILLUS_EMBL/native-sse4/benchmark.json
large texts/FindAllViaU64/BACILLUS_EMBL/native-sse4/estimates.json
large texts/FindAllViaU64/BACILLUS_EMBL/native-sse4/sample.json
large texts/FindAllViaU64/BACILLUS_EMBL/native-sse4/tukey.json
large texts/FindAllViaU64/BACILLUS_EMBL/native/
large texts/FindAllViaU64/BACILLUS_EMBL/native/benchmark.json
large texts/FindAllViaU64/BACILLUS_EMBL/native/estimates.json
large texts/FindAllViaU64/BACILLUS_EMBL/native/sample.json
large texts/FindAllViaU64/BACILLUS_EMBL/native/tukey.json
large texts/FindAllViaU64/BACILLUS_EMBL/new/
large texts/FindAllViaU64/BACILLUS_EMBL/new/benchmark.json
large texts/FindAllViaU64/BACILLUS_EMBL/new/estimates.json
large texts/FindAllViaU64/BACILLUS_EMBL/new/sample.json
large texts/FindAllViaU64/BACILLUS_EMBL/new/tukey.json
large texts/FindAllViaU64/BACILLUS_FASTA/
large texts/FindAllViaU64/BACILLUS_FASTA/default/
large texts/FindAllViaU64/BACILLUS_FASTA/default/benchmark.json
large texts/FindAllViaU64/BACILLUS_FASTA/default/estimates.json
large texts/FindAllViaU64/BACILLUS_FASTA/default/sample.json
large texts/FindAllViaU64/BACILLUS_FASTA/default/tukey.json
large texts/FindAllViaU64/BACILLUS_FASTA/native-avx/
large texts/FindAllViaU64/BACILLUS_FASTA/native-avx/benchmark.json
large texts/FindAllViaU64/BACILLUS_FASTA/native-avx/estimates.json
large texts/FindAllViaU64/BACILLUS_FASTA/native-avx/sample.json
large texts/FindAllViaU64/BACILLUS_FASTA/native-avx/tukey.json
large texts/FindAllViaU64/BACILLUS_FASTA/native-avx2/
large texts/FindAllViaU64/BACILLUS_FASTA/native-avx2/benchmark.json
large texts/FindAllViaU64/BACILLUS_FASTA/native-avx2/estimates.json
large texts/FindAllViaU64/BACILLUS_FASTA/native-avx2/sample.json
large texts/FindAllViaU64/BACILLUS_FASTA/native-avx2/tukey.json
large texts/FindAllViaU64/BACILLUS_FASTA/native-sse2/
large texts/FindAllViaU64/BACILLUS_FASTA/native-sse2/benchmark.json
large texts/FindAllViaU64/BACILLUS_FASTA/native-sse2/estimates.json
large texts/FindAllViaU64/BACILLUS_FASTA/native-sse2/sample.json
large texts/FindAllViaU64/BACILLUS_FASTA/native-sse2/tukey.json
large texts/FindAllViaU64/BACILLUS_FASTA/native-sse4/
large texts/FindAllViaU64/BACILLUS_FASTA/native-sse4/benchmark.json
large texts/FindAllViaU64/BACILLUS_FASTA/native-sse4/estimates.json
large texts/FindAllViaU64/BACILLUS_FASTA/native-sse4/sample.json
large texts/FindAllViaU64/BACILLUS_FASTA/native-sse4/tukey.json
large texts/FindAllViaU64/BACILLUS_FASTA/native/
large texts/FindAllViaU64/BACILLUS_FASTA/native/benchmark.json
large texts/FindAllViaU64/BACILLUS_FASTA/native/estimates.json
large texts/FindAllViaU64/BACILLUS_FASTA/native/sample.json
large texts/FindAllViaU64/BACILLUS_FASTA/native/tukey.json
large texts/FindAllViaU64/BACILLUS_FASTA/new/
large texts/FindAllViaU64/BACILLUS_FASTA/new/benchmark.json
large texts/FindAllViaU64/BACILLUS_FASTA/new/estimates.json
large texts/FindAllViaU64/BACILLUS_FASTA/new/sample.json
large texts/FindAllViaU64/BACILLUS_FASTA/new/tukey.json
lines iterators/
lines iterators/A_TALE_OF_TWO_CITIES/
lines iterators/BACILLUS_EMBL/
lines iterators/BACILLUS_FASTA/
lines iterators/FindAllIterating/
lines iterators/FindAllIterating/A_TALE_OF_TWO_CITIES/
lines iterators/FindAllIterating/A_TALE_OF_TWO_CITIES/default/
lines iterators/FindAllIterating/A_TALE_OF_TWO_CITIES/default/benchmark.json
lines iterators/FindAllIterating/A_TALE_OF_TWO_CITIES/default/estimates.json
lines iterators/FindAllIterating/A_TALE_OF_TWO_CITIES/default/sample.json
lines iterators/FindAllIterating/A_TALE_OF_TWO_CITIES/default/tukey.json
lines iterators/FindAllIterating/A_TALE_OF_TWO_CITIES/native-avx/
lines iterators/FindAllIterating/A_TALE_OF_TWO_CITIES/native-avx/benchmark.json
lines iterators/FindAllIterating/A_TALE_OF_TWO_CITIES/native-avx/estimates.json
lines iterators/FindAllIterating/A_TALE_OF_TWO_CITIES/native-avx/sample.json
lines iterators/FindAllIterating/A_TALE_OF_TWO_CITIES/native-avx/tukey.json
lines iterators/FindAllIterating/A_TALE_OF_TWO_CITIES/native-avx2/
lines iterators/FindAllIterating/A_TALE_OF_TWO_CITIES/native-avx2/benchmark.json
lines iterators/FindAllIterating/A_TALE_OF_TWO_CITIES/native-avx2/estimates.json
lines iterators/FindAllIterating/A_TALE_OF_TWO_CITIES/native-avx2/sample.json
lines iterators/FindAllIterating/A_TALE_OF_TWO_CITIES/native-avx2/tukey.json
lines iterators/FindAllIterating/A_TALE_OF_TWO_CITIES/native-sse2/
lines iterators/FindAllIterating/A_TALE_OF_TWO_CITIES/native-sse2/benchmark.json
lines iterators/FindAllIterating/A_TALE_OF_TWO_CITIES/native-sse2/estimates.json
lines iterators/FindAllIterating/A_TALE_OF_TWO_CITIES/native-sse2/sample.json
lines iterators/FindAllIterating/A_TALE_OF_TWO_CITIES/native-sse2/tukey.json
lines iterators/FindAllIterating/A_TALE_OF_TWO_CITIES/native-sse4/
lines iterators/FindAllIterating/A_TALE_OF_TWO_CITIES/native-sse4/benchmark.json
lines iterators/FindAllIterating/A_TALE_OF_TWO_CITIES/native-sse4/estimates.json
lines iterators/FindAllIterating/A_TALE_OF_TWO_CITIES/native-sse4/sample.json
lines iterators/FindAllIterating/A_TALE_OF_TWO_CITIES/native-sse4/tukey.json
lines iterators/FindAllIterating/A_TALE_OF_TWO_CITIES/native/
lines iterators/FindAllIterating/A_TALE_OF_TWO_CITIES/native/benchmark.json
lines iterators/FindAllIterating/A_TALE_OF_TWO_CITIES/native/estimates.json
lines iterators/FindAllIterating/A_TALE_OF_TWO_CITIES/native/sample.json
lines iterators/FindAllIterating/A_TALE_OF_TWO_CITIES/native/tukey.json
lines iterators/FindAllIterating/A_TALE_OF_TWO_CITIES/new/
lines iterators/FindAllIterating/A_TALE_OF_TWO_CITIES/new/benchmark.json
lines iterators/FindAllIterating/A_TALE_OF_TWO_CITIES/new/estimates.json
lines iterators/FindAllIterating/A_TALE_OF_TWO_CITIES/new/sample.json
lines iterators/FindAllIterating/A_TALE_OF_TWO_CITIES/new/tukey.json
lines iterators/FindAllIterating/BACILLUS_EMBL/
lines iterators/FindAllIterating/BACILLUS_EMBL/default/
lines iterators/FindAllIterating/BACILLUS_EMBL/default/benchmark.json
lines iterators/FindAllIterating/BACILLUS_EMBL/default/estimates.json
lines iterators/FindAllIterating/BACILLUS_EMBL/default/sample.json
lines iterators/FindAllIterating/BACILLUS_EMBL/default/tukey.json
lines iterators/FindAllIterating/BACILLUS_EMBL/native-avx/
lines iterators/FindAllIterating/BACILLUS_EMBL/native-avx/benchmark.json
lines iterators/FindAllIterating/BACILLUS_EMBL/native-avx/estimates.json
lines iterators/FindAllIterating/BACILLUS_EMBL/native-avx/sample.json
lines iterators/FindAllIterating/BACILLUS_EMBL/native-avx/tukey.json
lines iterators/FindAllIterating/BACILLUS_EMBL/native-avx2/
lines iterators/FindAllIterating/BACILLUS_EMBL/native-avx2/benchmark.json
lines iterators/FindAllIterating/BACILLUS_EMBL/native-avx2/estimates.json
lines iterators/FindAllIterating/BACILLUS_EMBL/native-avx2/sample.json
lines iterators/FindAllIterating/BACILLUS_EMBL/native-avx2/tukey.json
lines iterators/FindAllIterating/BACILLUS_EMBL/native-sse2/
lines iterators/FindAllIterating/BACILLUS_EMBL/native-sse2/benchmark.json
lines iterators/FindAllIterating/BACILLUS_EMBL/native-sse2/estimates.json
lines iterators/FindAllIterating/BACILLUS_EMBL/native-sse2/sample.json
lines iterators/FindAllIterating/BACILLUS_EMBL/native-sse2/tukey.json
lines iterators/FindAllIterating/BACILLUS_EMBL/native-sse4/
lines iterators/FindAllIterating/BACILLUS_EMBL/native-sse4/benchmark.json
lines iterators/FindAllIterating/BACILLUS_EMBL/native-sse4/estimates.json
lines iterators/FindAllIterating/BACILLUS_EMBL/native-sse4/sample.json
lines iterators/FindAllIterating/BACILLUS_EMBL/native-sse4/tukey.json
lines iterators/FindAllIterating/BACILLUS_EMBL/native/
lines iterators/FindAllIterating/BACILLUS_EMBL/native/benchmark.json
lines iterators/FindAllIterating/BACILLUS_EMBL/native/estimates.json
lines iterators/FindAllIterating/BACILLUS_EMBL/native/sample.json
lines iterators/FindAllIterating/BACILLUS_EMBL/native/tukey.json
lines iterators/FindAllIterating/BACILLUS_EMBL/new/
lines iterators/FindAllIterating/BACILLUS_EMBL/new/benchmark.json
lines iterators/FindAllIterating/BACILLUS_EMBL/new/estimates.json
lines iterators/FindAllIterating/BACILLUS_EMBL/new/sample.json
lines iterators/FindAllIterating/BACILLUS_EMBL/new/tukey.json
lines iterators/FindAllIterating/BACILLUS_FASTA/
lines iterators/FindAllIterating/BACILLUS_FASTA/default/
lines iterators/FindAllIterating/BACILLUS_FASTA/default/benchmark.json
lines iterators/FindAllIterating/BACILLUS_FASTA/default/estimates.json
lines iterators/FindAllIterating/BACILLUS_FASTA/default/sample.json
lines iterators/FindAllIterating/BACILLUS_FASTA/default/tukey.json
lines iterators/FindAllIterating/BACILLUS_FASTA/native-avx/
lines iterators/FindAllIterating/BACILLUS_FASTA/native-avx/benchmark.json
lines iterators/FindAllIterating/BACILLUS_FASTA/native-avx/estimates.json
lines iterators/FindAllIterating/BACILLUS_FASTA/native-avx/sample.json
lines iterators/FindAllIterating/BACILLUS_FASTA/native-avx/tukey.json
lines iterators/FindAllIterating/BACILLUS_FASTA/native-avx2/
lines iterators/FindAllIterating/BACILLUS_FASTA/native-avx2/benchmark.json
lines iterators/FindAllIterating/BACILLUS_FASTA/native-avx2/estimates.json
lines iterators/FindAllIterating/BACILLUS_FASTA/native-avx2/sample.json
lines iterators/FindAllIterating/BACILLUS_FASTA/native-avx2/tukey.json
lines iterators/FindAllIterating/BACILLUS_FASTA/native-sse2/
lines iterators/FindAllIterating/BACILLUS_FASTA/native-sse2/benchmark.json
lines iterators/FindAllIterating/BACILLUS_FASTA/native-sse2/estimates.json
lines iterators/FindAllIterating/BACILLUS_FASTA/native-sse2/sample.json
lines iterators/FindAllIterating/BACILLUS_FASTA/native-sse2/tukey.json
lines iterators/FindAllIterating/BACILLUS_FASTA/native-sse4/
lines iterators/FindAllIterating/BACILLUS_FASTA/native-sse4/benchmark.json
lines iterators/FindAllIterating/BACILLUS_FASTA/native-sse4/estimates.json
lines iterators/FindAllIterating/BACILLUS_FASTA/native-sse4/sample.json
lines iterators/FindAllIterating/BACILLUS_FASTA/native-sse4/tukey.json
lines iterators/FindAllIterating/BACILLUS_FASTA/native/
lines iterators/FindAllIterating/BACILLUS_FASTA/native/benchmark.json
lines iterators/FindAllIterating/BACILLUS_FASTA/native/estimates.json
lines iterators/FindAllIterating/BACILLUS_FASTA/native/sample.json
lines iterators/FindAllIterating/BACILLUS_FASTA/native/tukey.json
lines iterators/FindAllIterating/BACILLUS_FASTA/new/
lines iterators/FindAllIterating/BACILLUS_FASTA/new/benchmark.json
lines iterators/FindAllIterating/BACILLUS_FASTA/new/estimates.json
lines iterators/FindAllIterating/BACILLUS_FASTA/new/sample.json
lines iterators/FindAllIterating/BACILLUS_FASTA/new/tukey.json
lines iterators/FindAllMemchrCrate/
lines iterators/FindAllMemchrCrate/A_TALE_OF_TWO_CITIES/
lines iterators/FindAllMemchrCrate/A_TALE_OF_TWO_CITIES/default/
lines iterators/FindAllMemchrCrate/A_TALE_OF_TWO_CITIES/default/benchmark.json
lines iterators/FindAllMemchrCrate/A_TALE_OF_TWO_CITIES/default/estimates.json
lines iterators/FindAllMemchrCrate/A_TALE_OF_TWO_CITIES/default/sample.json
lines iterators/FindAllMemchrCrate/A_TALE_OF_TWO_CITIES/default/tukey.json
lines iterators/FindAllMemchrCrate/A_TALE_OF_TWO_CITIES/native-avx/
lines iterators/FindAllMemchrCrate/A_TALE_OF_TWO_CITIES/native-avx/benchmark.json
lines iterators/FindAllMemchrCrate/A_TALE_OF_TWO_CITIES/native-avx/estimates.json
lines iterators/FindAllMemchrCrate/A_TALE_OF_TWO_CITIES/native-avx/sample.json
lines iterators/FindAllMemchrCrate/A_TALE_OF_TWO_CITIES/native-avx/tukey.json
lines iterators/FindAllMemchrCrate/A_TALE_OF_TWO_CITIES/native-avx2/
lines iterators/FindAllMemchrCrate/A_TALE_OF_TWO_CITIES/native-avx2/benchmark.json
lines iterators/FindAllMemchrCrate/A_TALE_OF_TWO_CITIES/native-avx2/estimates.json
lines iterators/FindAllMemchrCrate/A_TALE_OF_TWO_CITIES/native-avx2/sample.json
lines iterators/FindAllMemchrCrate/A_TALE_OF_TWO_CITIES/native-avx2/tukey.json
lines iterators/FindAllMemchrCrate/A_TALE_OF_TWO_CITIES/native-sse2/
lines iterators/FindAllMemchrCrate/A_TALE_OF_TWO_CITIES/native-sse2/benchmark.json
lines iterators/FindAllMemchrCrate/A_TALE_OF_TWO_CITIES/native-sse2/estimates.json
lines iterators/FindAllMemchrCrate/A_TALE_OF_TWO_CITIES/native-sse2/sample.json
lines iterators/FindAllMemchrCrate/A_TALE_OF_TWO_CITIES/native-sse2/tukey.json
lines iterators/FindAllMemchrCrate/A_TALE_OF_TWO_CITIES/native-sse4/
lines iterators/FindAllMemchrCrate/A_TALE_OF_TWO_CITIES/native-sse4/benchmark.json
lines iterators/FindAllMemchrCrate/A_TALE_OF_TWO_CITIES/native-sse4/estimates.json
lines iterators/FindAllMemchrCrate/A_TALE_OF_TWO_CITIES/native-sse4/sample.json
lines iterators/FindAllMemchrCrate/A_TALE_OF_TWO_CITIES/native-sse4/tukey.json
lines iterators/FindAllMemchrCrate/A_TALE_OF_TWO_CITIES/native/
lines iterators/FindAllMemchrCrate/A_TALE_OF_TWO_CITIES/native/benchmark.json
lines iterators/FindAllMemchrCrate/A_TALE_OF_TWO_CITIES/native/estimates.json
lines iterators/FindAllMemchrCrate/A_TALE_OF_TWO_CITIES/native/sample.json
lines iterators/FindAllMemchrCrate/A_TALE_OF_TWO_CITIES/native/tukey.json
lines iterators/FindAllMemchrCrate/A_TALE_OF_TWO_CITIES/new/
lines iterators/FindAllMemchrCrate/A_TALE_OF_TWO_CITIES/new/benchmark.json
lines iterators/FindAllMemchrCrate/A_TALE_OF_TWO_CITIES/new/estimates.json
lines iterators/FindAllMemchrCrate/A_TALE_OF_TWO_CITIES/new/sample.json
lines iterators/FindAllMemchrCrate/A_TALE_OF_TWO_CITIES/new/tukey.json
lines iterators/FindAllMemchrCrate/BACILLUS_EMBL/
lines iterators/FindAllMemchrCrate/BACILLUS_EMBL/default/
lines iterators/FindAllMemchrCrate/BACILLUS_EMBL/default/benchmark.json
lines iterators/FindAllMemchrCrate/BACILLUS_EMBL/default/estimates.json
lines iterators/FindAllMemchrCrate/BACILLUS_EMBL/default/sample.json
lines iterators/FindAllMemchrCrate/BACILLUS_EMBL/default/tukey.json
lines iterators/FindAllMemchrCrate/BACILLUS_EMBL/native-avx/
lines iterators/FindAllMemchrCrate/BACILLUS_EMBL/native-avx/benchmark.json
lines iterators/FindAllMemchrCrate/BACILLUS_EMBL/native-avx/estimates.json
lines iterators/FindAllMemchrCrate/BACILLUS_EMBL/native-avx/sample.json
lines iterators/FindAllMemchrCrate/BACILLUS_EMBL/native-avx/tukey.json
lines iterators/FindAllMemchrCrate/BACILLUS_EMBL/native-avx2/
lines iterators/FindAllMemchrCrate/BACILLUS_EMBL/native-avx2/benchmark.json
lines iterators/FindAllMemchrCrate/BACILLUS_EMBL/native-avx2/estimates.json
lines iterators/FindAllMemchrCrate/BACILLUS_EMBL/native-avx2/sample.json
lines iterators/FindAllMemchrCrate/BACILLUS_EMBL/native-avx2/tukey.json
lines iterators/FindAllMemchrCrate/BACILLUS_EMBL/native-sse2/
lines iterators/FindAllMemchrCrate/BACILLUS_EMBL/native-sse2/benchmark.json
lines iterators/FindAllMemchrCrate/BACILLUS_EMBL/native-sse2/estimates.json
lines iterators/FindAllMemchrCrate/BACILLUS_EMBL/native-sse2/sample.json
lines iterators/FindAllMemchrCrate/BACILLUS_EMBL/native-sse2/tukey.json
lines iterators/FindAllMemchrCrate/BACILLUS_EMBL/native-sse4/
lines iterators/FindAllMemchrCrate/BACILLUS_EMBL/native-sse4/benchmark.json
lines iterators/FindAllMemchrCrate/BACILLUS_EMBL/native-sse4/estimates.json
lines iterators/FindAllMemchrCrate/BACILLUS_EMBL/native-sse4/sample.json
lines iterators/FindAllMemchrCrate/BACILLUS_EMBL/native-sse4/tukey.json
lines iterators/FindAllMemchrCrate/BACILLUS_EMBL/native/
lines iterators/FindAllMemchrCrate/BACILLUS_EMBL/native/benchmark.json
lines iterators/FindAllMemchrCrate/BACILLUS_EMBL/native/estimates.json
lines iterators/FindAllMemchrCrate/BACILLUS_EMBL/native/sample.json
lines iterators/FindAllMemchrCrate/BACILLUS_EMBL/native/tukey.json
lines iterators/FindAllMemchrCrate/BACILLUS_EMBL/new/
lines iterators/FindAllMemchrCrate/BACILLUS_EMBL/new/benchmark.json
lines iterators/FindAllMemchrCrate/BACILLUS_EMBL/new/estimates.json
lines iterators/FindAllMemchrCrate/BACILLUS_EMBL/new/sample.json
lines iterators/FindAllMemchrCrate/BACILLUS_EMBL/new/tukey.json
lines iterators/FindAllMemchrCrate/BACILLUS_FASTA/
lines iterators/FindAllMemchrCrate/BACILLUS_FASTA/default/
lines iterators/FindAllMemchrCrate/BACILLUS_FASTA/default/benchmark.json
lines iterators/FindAllMemchrCrate/BACILLUS_FASTA/default/estimates.json
lines iterators/FindAllMemchrCrate/BACILLUS_FASTA/default/sample.json
lines iterators/FindAllMemchrCrate/BACILLUS_FASTA/default/tukey.json
lines iterators/FindAllMemchrCrate/BACILLUS_FASTA/native-avx/
lines iterators/FindAllMemchrCrate/BACILLUS_FASTA/native-avx/benchmark.json
lines iterators/FindAllMemchrCrate/BACILLUS_FASTA/native-avx/estimates.json
lines iterators/FindAllMemchrCrate/BACILLUS_FASTA/native-avx/sample.json
lines iterators/FindAllMemchrCrate/BACILLUS_FASTA/native-avx/tukey.json
lines iterators/FindAllMemchrCrate/BACILLUS_FASTA/native-avx2/
lines iterators/FindAllMemchrCrate/BACILLUS_FASTA/native-avx2/benchmark.json
lines iterators/FindAllMemchrCrate/BACILLUS_FASTA/native-avx2/estimates.json
lines iterators/FindAllMemchrCrate/BACILLUS_FASTA/native-avx2/sample.json
lines iterators/FindAllMemchrCrate/BACILLUS_FASTA/native-avx2/tukey.json
lines iterators/FindAllMemchrCrate/BACILLUS_FASTA/native-sse2/
lines iterators/FindAllMemchrCrate/BACILLUS_FASTA/native-sse2/benchmark.json
lines iterators/FindAllMemchrCrate/BACILLUS_FASTA/native-sse2/estimates.json
lines iterators/FindAllMemchrCrate/BACILLUS_FASTA/native-sse2/sample.json
lines iterators/FindAllMemchrCrate/BACILLUS_FASTA/native-sse2/tukey.json
lines iterators/FindAllMemchrCrate/BACILLUS_FASTA/native-sse4/
lines iterators/FindAllMemchrCrate/BACILLUS_FASTA/native-sse4/benchmark.json
lines iterators/FindAllMemchrCrate/BACILLUS_FASTA/native-sse4/estimates.json
lines iterators/FindAllMemchrCrate/BACILLUS_FASTA/native-sse4/sample.json
lines iterators/FindAllMemchrCrate/BACILLUS_FASTA/native-sse4/tukey.json
lines iterators/FindAllMemchrCrate/BACILLUS_FASTA/native/
lines iterators/FindAllMemchrCrate/BACILLUS_FASTA/native/benchmark.json
lines iterators/FindAllMemchrCrate/BACILLUS_FASTA/native/estimates.json
lines iterators/FindAllMemchrCrate/BACILLUS_FASTA/native/sample.json
lines iterators/FindAllMemchrCrate/BACILLUS_FASTA/native/tukey.json
lines iterators/FindAllMemchrCrate/BACILLUS_FASTA/new/
lines iterators/FindAllMemchrCrate/BACILLUS_FASTA/new/benchmark.json
lines iterators/FindAllMemchrCrate/BACILLUS_FASTA/new/estimates.json
lines iterators/FindAllMemchrCrate/BACILLUS_FASTA/new/sample.json
lines iterators/FindAllMemchrCrate/BACILLUS_FASTA/new/tukey.json
lines iterators/FindAllViaSimd16/
lines iterators/FindAllViaSimd16/A_TALE_OF_TWO_CITIES/
lines iterators/FindAllViaSimd16/A_TALE_OF_TWO_CITIES/default/
lines iterators/FindAllViaSimd16/A_TALE_OF_TWO_CITIES/default/benchmark.json
lines iterators/FindAllViaSimd16/A_TALE_OF_TWO_CITIES/default/estimates.json
lines iterators/FindAllViaSimd16/A_TALE_OF_TWO_CITIES/default/sample.json
lines iterators/FindAllViaSimd16/A_TALE_OF_TWO_CITIES/default/tukey.json
lines iterators/FindAllViaSimd16/A_TALE_OF_TWO_CITIES/native-avx/
lines iterators/FindAllViaSimd16/A_TALE_OF_TWO_CITIES/native-avx/benchmark.json
lines iterators/FindAllViaSimd16/A_TALE_OF_TWO_CITIES/native-avx/estimates.json
lines iterators/FindAllViaSimd16/A_TALE_OF_TWO_CITIES/native-avx/sample.json
lines iterators/FindAllViaSimd16/A_TALE_OF_TWO_CITIES/native-avx/tukey.json
lines iterators/FindAllViaSimd16/A_TALE_OF_TWO_CITIES/native-avx2/
lines iterators/FindAllViaSimd16/A_TALE_OF_TWO_CITIES/native-avx2/benchmark.json
lines iterators/FindAllViaSimd16/A_TALE_OF_TWO_CITIES/native-avx2/estimates.json
lines iterators/FindAllViaSimd16/A_TALE_OF_TWO_CITIES/native-avx2/sample.json
lines iterators/FindAllViaSimd16/A_TALE_OF_TWO_CITIES/native-avx2/tukey.json
lines iterators/FindAllViaSimd16/A_TALE_OF_TWO_CITIES/native-sse2/
lines iterators/FindAllViaSimd16/A_TALE_OF_TWO_CITIES/native-sse2/benchmark.json
lines iterators/FindAllViaSimd16/A_TALE_OF_TWO_CITIES/native-sse2/estimates.json
lines iterators/FindAllViaSimd16/A_TALE_OF_TWO_CITIES/native-sse2/sample.json
lines iterators/FindAllViaSimd16/A_TALE_OF_TWO_CITIES/native-sse2/tukey.json
lines iterators/FindAllViaSimd16/A_TALE_OF_TWO_CITIES/native-sse4/
lines iterators/FindAllViaSimd16/A_TALE_OF_TWO_CITIES/native-sse4/benchmark.json
lines iterators/FindAllViaSimd16/A_TALE_OF_TWO_CITIES/native-sse4/estimates.json
lines iterators/FindAllViaSimd16/A_TALE_OF_TWO_CITIES/native-sse4/sample.json
lines iterators/FindAllViaSimd16/A_TALE_OF_TWO_CITIES/native-sse4/tukey.json
lines iterators/FindAllViaSimd16/A_TALE_OF_TWO_CITIES/native/
lines iterators/FindAllViaSimd16/A_TALE_OF_TWO_CITIES/native/benchmark.json
lines iterators/FindAllViaSimd16/A_TALE_OF_TWO_CITIES/native/estimates.json
lines iterators/FindAllViaSimd16/A_TALE_OF_TWO_CITIES/native/sample.json
lines iterators/FindAllViaSimd16/A_TALE_OF_TWO_CITIES/native/tukey.json
lines iterators/FindAllViaSimd16/A_TALE_OF_TWO_CITIES/new/
lines iterators/FindAllViaSimd16/A_TALE_OF_TWO_CITIES/new/benchmark.json
lines iterators/FindAllViaSimd16/A_TALE_OF_TWO_CITIES/new/estimates.json
lines iterators/FindAllViaSimd16/A_TALE_OF_TWO_CITIES/new/sample.json
lines iterators/FindAllViaSimd16/A_TALE_OF_TWO_CITIES/new/tukey.json
lines iterators/FindAllViaSimd16/BACILLUS_EMBL/
lines iterators/FindAllViaSimd16/BACILLUS_EMBL/default/
lines iterators/FindAllViaSimd16/BACILLUS_EMBL/default/benchmark.json
lines iterators/FindAllViaSimd16/BACILLUS_EMBL/default/estimates.json
lines iterators/FindAllViaSimd16/BACILLUS_EMBL/default/sample.json
lines iterators/FindAllViaSimd16/BACILLUS_EMBL/default/tukey.json
lines iterators/FindAllViaSimd16/BACILLUS_EMBL/native-avx/
lines iterators/FindAllViaSimd16/BACILLUS_EMBL/native-avx/benchmark.json
lines iterators/FindAllViaSimd16/BACILLUS_EMBL/native-avx/estimates.json
lines iterators/FindAllViaSimd16/BACILLUS_EMBL/native-avx/sample.json
lines iterators/FindAllViaSimd16/BACILLUS_EMBL/native-avx/tukey.json
lines iterators/FindAllViaSimd16/BACILLUS_EMBL/native-avx2/
lines iterators/FindAllViaSimd16/BACILLUS_EMBL/native-avx2/benchmark.json
lines iterators/FindAllViaSimd16/BACILLUS_EMBL/native-avx2/estimates.json
lines iterators/FindAllViaSimd16/BACILLUS_EMBL/native-avx2/sample.json
lines iterators/FindAllViaSimd16/BACILLUS_EMBL/native-avx2/tukey.json
lines iterators/FindAllViaSimd16/BACILLUS_EMBL/native-sse2/
lines iterators/FindAllViaSimd16/BACILLUS_EMBL/native-sse2/benchmark.json
lines iterators/FindAllViaSimd16/BACILLUS_EMBL/native-sse2/estimates.json
lines iterators/FindAllViaSimd16/BACILLUS_EMBL/native-sse2/sample.json
lines iterators/FindAllViaSimd16/BACILLUS_EMBL/native-sse2/tukey.json
lines iterators/FindAllViaSimd16/BACILLUS_EMBL/native-sse4/
lines iterators/FindAllViaSimd16/BACILLUS_EMBL/native-sse4/benchmark.json
lines iterators/FindAllViaSimd16/BACILLUS_EMBL/native-sse4/estimates.json
lines iterators/FindAllViaSimd16/BACILLUS_EMBL/native-sse4/sample.json
lines iterators/FindAllViaSimd16/BACILLUS_EMBL/native-sse4/tukey.json
lines iterators/FindAllViaSimd16/BACILLUS_EMBL/native/
lines iterators/FindAllViaSimd16/BACILLUS_EMBL/native/benchmark.json
lines iterators/FindAllViaSimd16/BACILLUS_EMBL/native/estimates.json
lines iterators/FindAllViaSimd16/BACILLUS_EMBL/native/sample.json
lines iterators/FindAllViaSimd16/BACILLUS_EMBL/native/tukey.json
lines iterators/FindAllViaSimd16/BACILLUS_EMBL/new/
lines iterators/FindAllViaSimd16/BACILLUS_EMBL/new/benchmark.json
lines iterators/FindAllViaSimd16/BACILLUS_EMBL/new/estimates.json
lines iterators/FindAllViaSimd16/BACILLUS_EMBL/new/sample.json
lines iterators/FindAllViaSimd16/BACILLUS_EMBL/new/tukey.json
lines iterators/FindAllViaSimd16/BACILLUS_FASTA/
lines iterators/FindAllViaSimd16/BACILLUS_FASTA/default/
lines iterators/FindAllViaSimd16/BACILLUS_FASTA/default/benchmark.json
lines iterators/FindAllViaSimd16/BACILLUS_FASTA/default/estimates.json
lines iterators/FindAllViaSimd16/BACILLUS_FASTA/default/sample.json
lines iterators/FindAllViaSimd16/BACILLUS_FASTA/default/tukey.json
lines iterators/FindAllViaSimd16/BACILLUS_FASTA/native-avx/
lines iterators/FindAllViaSimd16/BACILLUS_FASTA/native-avx/benchmark.json
lines iterators/FindAllViaSimd16/BACILLUS_FASTA/native-avx/estimates.json
lines iterators/FindAllViaSimd16/BACILLUS_FASTA/native-avx/sample.json
lines iterators/FindAllViaSimd16/BACILLUS_FASTA/native-avx/tukey.json
lines iterators/FindAllViaSimd16/BACILLUS_FASTA/native-avx2/
lines iterators/FindAllViaSimd16/BACILLUS_FASTA/native-avx2/benchmark.json
lines iterators/FindAllViaSimd16/BACILLUS_FASTA/native-avx2/estimates.json
lines iterators/FindAllViaSimd16/BACILLUS_FASTA/native-avx2/sample.json
lines iterators/FindAllViaSimd16/BACILLUS_FASTA/native-avx2/tukey.json
lines iterators/FindAllViaSimd16/BACILLUS_FASTA/native-sse2/
lines iterators/FindAllViaSimd16/BACILLUS_FASTA/native-sse2/benchmark.json
lines iterators/FindAllViaSimd16/BACILLUS_FASTA/native-sse2/estimates.json
lines iterators/FindAllViaSimd16/BACILLUS_FASTA/native-sse2/sample.json
lines iterators/FindAllViaSimd16/BACILLUS_FASTA/native-sse2/tukey.json
lines iterators/FindAllViaSimd16/BACILLUS_FASTA/native-sse4/
lines iterators/FindAllViaSimd16/BACILLUS_FASTA/native-sse4/benchmark.json
lines iterators/FindAllViaSimd16/BACILLUS_FASTA/native-sse4/estimates.json
lines iterators/FindAllViaSimd16/BACILLUS_FASTA/native-sse4/sample.json
lines iterators/FindAllViaSimd16/BACILLUS_FASTA/native-sse4/tukey.json
lines iterators/FindAllViaSimd16/BACILLUS_FASTA/native/
lines iterators/FindAllViaSimd16/BACILLUS_FASTA/native/benchmark.json
lines iterators/FindAllViaSimd16/BACILLUS_FASTA/native/estimates.json
lines iterators/FindAllViaSimd16/BACILLUS_FASTA/native/sample.json
lines iterators/FindAllViaSimd16/BACILLUS_FASTA/native/tukey.json
lines iterators/FindAllViaSimd16/BACILLUS_FASTA/new/
lines iterators/FindAllViaSimd16/BACILLUS_FASTA/new/benchmark.json
lines iterators/FindAllViaSimd16/BACILLUS_FASTA/new/estimates.json
lines iterators/FindAllViaSimd16/BACILLUS_FASTA/new/sample.json
lines iterators/FindAllViaSimd16/BACILLUS_FASTA/new/tukey.json
lines iterators/FindAllViaSimd32/
lines iterators/FindAllViaSimd32/A_TALE_OF_TWO_CITIES/
lines iterators/FindAllViaSimd32/A_TALE_OF_TWO_CITIES/default/
lines iterators/FindAllViaSimd32/A_TALE_OF_TWO_CITIES/default/benchmark.json
lines iterators/FindAllViaSimd32/A_TALE_OF_TWO_CITIES/default/estimates.json
lines iterators/FindAllViaSimd32/A_TALE_OF_TWO_CITIES/default/sample.json
lines iterators/FindAllViaSimd32/A_TALE_OF_TWO_CITIES/default/tukey.json
lines iterators/FindAllViaSimd32/A_TALE_OF_TWO_CITIES/native-avx/
lines iterators/FindAllViaSimd32/A_TALE_OF_TWO_CITIES/native-avx/benchmark.json
lines iterators/FindAllViaSimd32/A_TALE_OF_TWO_CITIES/native-avx/estimates.json
lines iterators/FindAllViaSimd32/A_TALE_OF_TWO_CITIES/native-avx/sample.json
lines iterators/FindAllViaSimd32/A_TALE_OF_TWO_CITIES/native-avx/tukey.json
lines iterators/FindAllViaSimd32/A_TALE_OF_TWO_CITIES/native-avx2/
lines iterators/FindAllViaSimd32/A_TALE_OF_TWO_CITIES/native-avx2/benchmark.json
lines iterators/FindAllViaSimd32/A_TALE_OF_TWO_CITIES/native-avx2/estimates.json
lines iterators/FindAllViaSimd32/A_TALE_OF_TWO_CITIES/native-avx2/sample.json
lines iterators/FindAllViaSimd32/A_TALE_OF_TWO_CITIES/native-avx2/tukey.json
lines iterators/FindAllViaSimd32/A_TALE_OF_TWO_CITIES/native-sse2/
lines iterators/FindAllViaSimd32/A_TALE_OF_TWO_CITIES/native-sse2/benchmark.json
lines iterators/FindAllViaSimd32/A_TALE_OF_TWO_CITIES/native-sse2/estimates.json
lines iterators/FindAllViaSimd32/A_TALE_OF_TWO_CITIES/native-sse2/sample.json
lines iterators/FindAllViaSimd32/A_TALE_OF_TWO_CITIES/native-sse2/tukey.json
lines iterators/FindAllViaSimd32/A_TALE_OF_TWO_CITIES/native-sse4/
lines iterators/FindAllViaSimd32/A_TALE_OF_TWO_CITIES/native-sse4/benchmark.json
lines iterators/FindAllViaSimd32/A_TALE_OF_TWO_CITIES/native-sse4/estimates.json
lines iterators/FindAllViaSimd32/A_TALE_OF_TWO_CITIES/native-sse4/sample.json
lines iterators/FindAllViaSimd32/A_TALE_OF_TWO_CITIES/native-sse4/tukey.json
lines iterators/FindAllViaSimd32/A_TALE_OF_TWO_CITIES/native/
lines iterators/FindAllViaSimd32/A_TALE_OF_TWO_CITIES/native/benchmark.json
lines iterators/FindAllViaSimd32/A_TALE_OF_TWO_CITIES/native/estimates.json
lines iterators/FindAllViaSimd32/A_TALE_OF_TWO_CITIES/native/sample.json
lines iterators/FindAllViaSimd32/A_TALE_OF_TWO_CITIES/native/tukey.json
lines iterators/FindAllViaSimd32/A_TALE_OF_TWO_CITIES/new/
lines iterators/FindAllViaSimd32/A_TALE_OF_TWO_CITIES/new/benchmark.json
lines iterators/FindAllViaSimd32/A_TALE_OF_TWO_CITIES/new/estimates.json
lines iterators/FindAllViaSimd32/A_TALE_OF_TWO_CITIES/new/sample.json
lines iterators/FindAllViaSimd32/A_TALE_OF_TWO_CITIES/new/tukey.json
lines iterators/FindAllViaSimd32/BACILLUS_EMBL/
lines iterators/FindAllViaSimd32/BACILLUS_EMBL/default/
lines iterators/FindAllViaSimd32/BACILLUS_EMBL/default/benchmark.json
lines iterators/FindAllViaSimd32/BACILLUS_EMBL/default/estimates.json
lines iterators/FindAllViaSimd32/BACILLUS_EMBL/default/sample.json
lines iterators/FindAllViaSimd32/BACILLUS_EMBL/default/tukey.json
lines iterators/FindAllViaSimd32/BACILLUS_EMBL/native-avx/
lines iterators/FindAllViaSimd32/BACILLUS_EMBL/native-avx/benchmark.json
lines iterators/FindAllViaSimd32/BACILLUS_EMBL/native-avx/estimates.json
lines iterators/FindAllViaSimd32/BACILLUS_EMBL/native-avx/sample.json
lines iterators/FindAllViaSimd32/BACILLUS_EMBL/native-avx/tukey.json
lines iterators/FindAllViaSimd32/BACILLUS_EMBL/native-avx2/
lines iterators/FindAllViaSimd32/BACILLUS_EMBL/native-avx2/benchmark.json
lines iterators/FindAllViaSimd32/BACILLUS_EMBL/native-avx2/estimates.json
lines iterators/FindAllViaSimd32/BACILLUS_EMBL/native-avx2/sample.json
lines iterators/FindAllViaSimd32/BACILLUS_EMBL/native-avx2/tukey.json
lines iterators/FindAllViaSimd32/BACILLUS_EMBL/native-sse2/
lines iterators/FindAllViaSimd32/BACILLUS_EMBL/native-sse2/benchmark.json
lines iterators/FindAllViaSimd32/BACILLUS_EMBL/native-sse2/estimates.json
lines iterators/FindAllViaSimd32/BACILLUS_EMBL/native-sse2/sample.json
lines iterators/FindAllViaSimd32/BACILLUS_EMBL/native-sse2/tukey.json
lines iterators/FindAllViaSimd32/BACILLUS_EMBL/native-sse4/
lines iterators/FindAllViaSimd32/BACILLUS_EMBL/native-sse4/benchmark.json
lines iterators/FindAllViaSimd32/BACILLUS_EMBL/native-sse4/estimates.json
lines iterators/FindAllViaSimd32/BACILLUS_EMBL/native-sse4/sample.json
lines iterators/FindAllViaSimd32/BACILLUS_EMBL/native-sse4/tukey.json
lines iterators/FindAllViaSimd32/BACILLUS_EMBL/native/
lines iterators/FindAllViaSimd32/BACILLUS_EMBL/native/benchmark.json
lines iterators/FindAllViaSimd32/BACILLUS_EMBL/native/estimates.json
lines iterators/FindAllViaSimd32/BACILLUS_EMBL/native/sample.json
lines iterators/FindAllViaSimd32/BACILLUS_EMBL/native/tukey.json
lines iterators/FindAllViaSimd32/BACILLUS_EMBL/new/
lines iterators/FindAllViaSimd32/BACILLUS_EMBL/new/benchmark.json
lines iterators/FindAllViaSimd32/BACILLUS_EMBL/new/estimates.json
lines iterators/FindAllViaSimd32/BACILLUS_EMBL/new/sample.json
lines iterators/FindAllViaSimd32/BACILLUS_EMBL/new/tukey.json
lines iterators/FindAllViaSimd32/BACILLUS_FASTA/
lines iterators/FindAllViaSimd32/BACILLUS_FASTA/default/
lines iterators/FindAllViaSimd32/BACILLUS_FASTA/default/benchmark.json
lines iterators/FindAllViaSimd32/BACILLUS_FASTA/default/estimates.json
lines iterators/FindAllViaSimd32/BACILLUS_FASTA/default/sample.json
lines iterators/FindAllViaSimd32/BACILLUS_FASTA/default/tukey.json
lines iterators/FindAllViaSimd32/BACILLUS_FASTA/native-avx/
lines iterators/FindAllViaSimd32/BACILLUS_FASTA/native-avx/benchmark.json
lines iterators/FindAllViaSimd32/BACILLUS_FASTA/native-avx/estimates.json
lines iterators/FindAllViaSimd32/BACILLUS_FASTA/native-avx/sample.json
lines iterators/FindAllViaSimd32/BACILLUS_FASTA/native-avx/tukey.json
lines iterators/FindAllViaSimd32/BACILLUS_FASTA/native-avx2/
lines iterators/FindAllViaSimd32/BACILLUS_FASTA/native-avx2/benchmark.json
lines iterators/FindAllViaSimd32/BACILLUS_FASTA/native-avx2/estimates.json
lines iterators/FindAllViaSimd32/BACILLUS_FASTA/native-avx2/sample.json
lines iterators/FindAllViaSimd32/BACILLUS_FASTA/native-avx2/tukey.json
lines iterators/FindAllViaSimd32/BACILLUS_FASTA/native-sse2/
lines iterators/FindAllViaSimd32/BACILLUS_FASTA/native-sse2/benchmark.json
lines iterators/FindAllViaSimd32/BACILLUS_FASTA/native-sse2/estimates.json
lines iterators/FindAllViaSimd32/BACILLUS_FASTA/native-sse2/sample.json
lines iterators/FindAllViaSimd32/BACILLUS_FASTA/native-sse2/tukey.json
lines iterators/FindAllViaSimd32/BACILLUS_FASTA/native-sse4/
lines iterators/FindAllViaSimd32/BACILLUS_FASTA/native-sse4/benchmark.json
lines iterators/FindAllViaSimd32/BACILLUS_FASTA/native-sse4/estimates.json
lines iterators/FindAllViaSimd32/BACILLUS_FASTA/native-sse4/sample.json
lines iterators/FindAllViaSimd32/BACILLUS_FASTA/native-sse4/tukey.json
lines iterators/FindAllViaSimd32/BACILLUS_FASTA/native/
lines iterators/FindAllViaSimd32/BACILLUS_FASTA/native/benchmark.json
lines iterators/FindAllViaSimd32/BACILLUS_FASTA/native/estimates.json
lines iterators/FindAllViaSimd32/BACILLUS_FASTA/native/sample.json
lines iterators/FindAllViaSimd32/BACILLUS_FASTA/native/tukey.json
lines iterators/FindAllViaSimd32/BACILLUS_FASTA/new/
lines iterators/FindAllViaSimd32/BACILLUS_FASTA/new/benchmark.json
lines iterators/FindAllViaSimd32/BACILLUS_FASTA/new/estimates.json
lines iterators/FindAllViaSimd32/BACILLUS_FASTA/new/sample.json
lines iterators/FindAllViaSimd32/BACILLUS_FASTA/new/tukey.json
lines iterators/FindAllViaSimd64/
lines iterators/FindAllViaSimd64/A_TALE_OF_TWO_CITIES/
lines iterators/FindAllViaSimd64/A_TALE_OF_TWO_CITIES/default/
lines iterators/FindAllViaSimd64/A_TALE_OF_TWO_CITIES/default/benchmark.json
lines iterators/FindAllViaSimd64/A_TALE_OF_TWO_CITIES/default/estimates.json
lines iterators/FindAllViaSimd64/A_TALE_OF_TWO_CITIES/default/sample.json
lines iterators/FindAllViaSimd64/A_TALE_OF_TWO_CITIES/default/tukey.json
lines iterators/FindAllViaSimd64/A_TALE_OF_TWO_CITIES/native-avx/
lines iterators/FindAllViaSimd64/A_TALE_OF_TWO_CITIES/native-avx/benchmark.json
lines iterators/FindAllViaSimd64/A_TALE_OF_TWO_CITIES/native-avx/estimates.json
lines iterators/FindAllViaSimd64/A_TALE_OF_TWO_CITIES/native-avx/sample.json
lines iterators/FindAllViaSimd64/A_TALE_OF_TWO_CITIES/native-avx/tukey.json
lines iterators/FindAllViaSimd64/A_TALE_OF_TWO_CITIES/native-avx2/
lines iterators/FindAllViaSimd64/A_TALE_OF_TWO_CITIES/native-avx2/benchmark.json
lines iterators/FindAllViaSimd64/A_TALE_OF_TWO_CITIES/native-avx2/estimates.json
lines iterators/FindAllViaSimd64/A_TALE_OF_TWO_CITIES/native-avx2/sample.json
lines iterators/FindAllViaSimd64/A_TALE_OF_TWO_CITIES/native-avx2/tukey.json
lines iterators/FindAllViaSimd64/A_TALE_OF_TWO_CITIES/native-sse2/
lines iterators/FindAllViaSimd64/A_TALE_OF_TWO_CITIES/native-sse2/benchmark.json
lines iterators/FindAllViaSimd64/A_TALE_OF_TWO_CITIES/native-sse2/estimates.json
lines iterators/FindAllViaSimd64/A_TALE_OF_TWO_CITIES/native-sse2/sample.json
lines iterators/FindAllViaSimd64/A_TALE_OF_TWO_CITIES/native-sse2/tukey.json
lines iterators/FindAllViaSimd64/A_TALE_OF_TWO_CITIES/native-sse4/
lines iterators/FindAllViaSimd64/A_TALE_OF_TWO_CITIES/native-sse4/benchmark.json
lines iterators/FindAllViaSimd64/A_TALE_OF_TWO_CITIES/native-sse4/estimates.json
lines iterators/FindAllViaSimd64/A_TALE_OF_TWO_CITIES/native-sse4/sample.json
lines iterators/FindAllViaSimd64/A_TALE_OF_TWO_CITIES/native-sse4/tukey.json
lines iterators/FindAllViaSimd64/A_TALE_OF_TWO_CITIES/native/
lines iterators/FindAllViaSimd64/A_TALE_OF_TWO_CITIES/native/benchmark.json
lines iterators/FindAllViaSimd64/A_TALE_OF_TWO_CITIES/native/estimates.json
lines iterators/FindAllViaSimd64/A_TALE_OF_TWO_CITIES/native/sample.json
lines iterators/FindAllViaSimd64/A_TALE_OF_TWO_CITIES/native/tukey.json
lines iterators/FindAllViaSimd64/A_TALE_OF_TWO_CITIES/new/
lines iterators/FindAllViaSimd64/A_TALE_OF_TWO_CITIES/new/benchmark.json
lines iterators/FindAllViaSimd64/A_TALE_OF_TWO_CITIES/new/estimates.json
lines iterators/FindAllViaSimd64/A_TALE_OF_TWO_CITIES/new/sample.json
lines iterators/FindAllViaSimd64/A_TALE_OF_TWO_CITIES/new/tukey.json
lines iterators/FindAllViaSimd64/BACILLUS_EMBL/
lines iterators/FindAllViaSimd64/BACILLUS_EMBL/default/
lines iterators/FindAllViaSimd64/BACILLUS_EMBL/default/benchmark.json
lines iterators/FindAllViaSimd64/BACILLUS_EMBL/default/estimates.json
lines iterators/FindAllViaSimd64/BACILLUS_EMBL/default/sample.json
lines iterators/FindAllViaSimd64/BACILLUS_EMBL/default/tukey.json
lines iterators/FindAllViaSimd64/BACILLUS_EMBL/native-avx/
lines iterators/FindAllViaSimd64/BACILLUS_EMBL/native-avx/benchmark.json
lines iterators/FindAllViaSimd64/BACILLUS_EMBL/native-avx/estimates.json
lines iterators/FindAllViaSimd64/BACILLUS_EMBL/native-avx/sample.json
lines iterators/FindAllViaSimd64/BACILLUS_EMBL/native-avx/tukey.json
lines iterators/FindAllViaSimd64/BACILLUS_EMBL/native-avx2/
lines iterators/FindAllViaSimd64/BACILLUS_EMBL/native-avx2/benchmark.json
lines iterators/FindAllViaSimd64/BACILLUS_EMBL/native-avx2/estimates.json
lines iterators/FindAllViaSimd64/BACILLUS_EMBL/native-avx2/sample.json
lines iterators/FindAllViaSimd64/BACILLUS_EMBL/native-avx2/tukey.json
lines iterators/FindAllViaSimd64/BACILLUS_EMBL/native-sse2/
lines iterators/FindAllViaSimd64/BACILLUS_EMBL/native-sse2/benchmark.json
lines iterators/FindAllViaSimd64/BACILLUS_EMBL/native-sse2/estimates.json
lines iterators/FindAllViaSimd64/BACILLUS_EMBL/native-sse2/sample.json
lines iterators/FindAllViaSimd64/BACILLUS_EMBL/native-sse2/tukey.json
lines iterators/FindAllViaSimd64/BACILLUS_EMBL/native-sse4/
lines iterators/FindAllViaSimd64/BACILLUS_EMBL/native-sse4/benchmark.json
lines iterators/FindAllViaSimd64/BACILLUS_EMBL/native-sse4/estimates.json
lines iterators/FindAllViaSimd64/BACILLUS_EMBL/native-sse4/sample.json
lines iterators/FindAllViaSimd64/BACILLUS_EMBL/native-sse4/tukey.json
lines iterators/FindAllViaSimd64/BACILLUS_EMBL/native/
lines iterators/FindAllViaSimd64/BACILLUS_EMBL/native/benchmark.json
lines iterators/FindAllViaSimd64/BACILLUS_EMBL/native/estimates.json
lines iterators/FindAllViaSimd64/BACILLUS_EMBL/native/sample.json
lines iterators/FindAllViaSimd64/BACILLUS_EMBL/native/tukey.json
lines iterators/FindAllViaSimd64/BACILLUS_EMBL/new/
lines iterators/FindAllViaSimd64/BACILLUS_EMBL/new/benchmark.json
lines iterators/FindAllViaSimd64/BACILLUS_EMBL/new/estimates.json
lines iterators/FindAllViaSimd64/BACILLUS_EMBL/new/sample.json
lines iterators/FindAllViaSimd64/BACILLUS_EMBL/new/tukey.json
lines iterators/FindAllViaSimd64/BACILLUS_FASTA/
lines iterators/FindAllViaSimd64/BACILLUS_FASTA/default/
lines iterators/FindAllViaSimd64/BACILLUS_FASTA/default/benchmark.json
lines iterators/FindAllViaSimd64/BACILLUS_FASTA/default/estimates.json
lines iterators/FindAllViaSimd64/BACILLUS_FASTA/default/sample.json
lines iterators/FindAllViaSimd64/BACILLUS_FASTA/default/tukey.json
lines iterators/FindAllViaSimd64/BACILLUS_FASTA/native-avx/
lines iterators/FindAllViaSimd64/BACILLUS_FASTA/native-avx/benchmark.json
lines iterators/FindAllViaSimd64/BACILLUS_FASTA/native-avx/estimates.json
lines iterators/FindAllViaSimd64/BACILLUS_FASTA/native-avx/sample.json
lines iterators/FindAllViaSimd64/BACILLUS_FASTA/native-avx/tukey.json
lines iterators/FindAllViaSimd64/BACILLUS_FASTA/native-avx2/
lines iterators/FindAllViaSimd64/BACILLUS_FASTA/native-avx2/benchmark.json
lines iterators/FindAllViaSimd64/BACILLUS_FASTA/native-avx2/estimates.json
lines iterators/FindAllViaSimd64/BACILLUS_FASTA/native-avx2/sample.json
lines iterators/FindAllViaSimd64/BACILLUS_FASTA/native-avx2/tukey.json
lines iterators/FindAllViaSimd64/BACILLUS_FASTA/native-sse2/
lines iterators/FindAllViaSimd64/BACILLUS_FASTA/native-sse2/benchmark.json
lines iterators/FindAllViaSimd64/BACILLUS_FASTA/native-sse2/estimates.json
lines iterators/FindAllViaSimd64/BACILLUS_FASTA/native-sse2/sample.json
lines iterators/FindAllViaSimd64/BACILLUS_FASTA/native-sse2/tukey.json
lines iterators/FindAllViaSimd64/BACILLUS_FASTA/native-sse4/
lines iterators/FindAllViaSimd64/BACILLUS_FASTA/native-sse4/benchmark.json
lines iterators/FindAllViaSimd64/BACILLUS_FASTA/native-sse4/estimates.json
lines iterators/FindAllViaSimd64/BACILLUS_FASTA/native-sse4/sample.json
lines iterators/FindAllViaSimd64/BACILLUS_FASTA/native-sse4/tukey.json
lines iterators/FindAllViaSimd64/BACILLUS_FASTA/native/
lines iterators/FindAllViaSimd64/BACILLUS_FASTA/native/benchmark.json
lines iterators/FindAllViaSimd64/BACILLUS_FASTA/native/estimates.json
lines iterators/FindAllViaSimd64/BACILLUS_FASTA/native/sample.json
lines iterators/FindAllViaSimd64/BACILLUS_FASTA/native/tukey.json
lines iterators/FindAllViaSimd64/BACILLUS_FASTA/new/
lines iterators/FindAllViaSimd64/BACILLUS_FASTA/new/benchmark.json
lines iterators/FindAllViaSimd64/BACILLUS_FASTA/new/estimates.json
lines iterators/FindAllViaSimd64/BACILLUS_FASTA/new/sample.json
lines iterators/FindAllViaSimd64/BACILLUS_FASTA/new/tukey.json
lines iterators/FindAllViaU16/
lines iterators/FindAllViaU16/A_TALE_OF_TWO_CITIES/
lines iterators/FindAllViaU16/A_TALE_OF_TWO_CITIES/default/
lines iterators/FindAllViaU16/A_TALE_OF_TWO_CITIES/default/benchmark.json
lines iterators/FindAllViaU16/A_TALE_OF_TWO_CITIES/default/estimates.json
lines iterators/FindAllViaU16/A_TALE_OF_TWO_CITIES/default/sample.json
lines iterators/FindAllViaU16/A_TALE_OF_TWO_CITIES/default/tukey.json
lines iterators/FindAllViaU16/A_TALE_OF_TWO_CITIES/native-avx/
lines iterators/FindAllViaU16/A_TALE_OF_TWO_CITIES/native-avx/benchmark.json
lines iterators/FindAllViaU16/A_TALE_OF_TWO_CITIES/native-avx/estimates.json
lines iterators/FindAllViaU16/A_TALE_OF_TWO_CITIES/native-avx/sample.json
lines iterators/FindAllViaU16/A_TALE_OF_TWO_CITIES/native-avx/tukey.json
lines iterators/FindAllViaU16/A_TALE_OF_TWO_CITIES/native-avx2/
lines iterators/FindAllViaU16/A_TALE_OF_TWO_CITIES/native-avx2/benchmark.json
lines iterators/FindAllViaU16/A_TALE_OF_TWO_CITIES/native-avx2/estimates.json
lines iterators/FindAllViaU16/A_TALE_OF_TWO_CITIES/native-avx2/sample.json
lines iterators/FindAllViaU16/A_TALE_OF_TWO_CITIES/native-avx2/tukey.json
lines iterators/FindAllViaU16/A_TALE_OF_TWO_CITIES/native-sse2/
lines iterators/FindAllViaU16/A_TALE_OF_TWO_CITIES/native-sse2/benchmark.json
lines iterators/FindAllViaU16/A_TALE_OF_TWO_CITIES/native-sse2/estimates.json
lines iterators/FindAllViaU16/A_TALE_OF_TWO_CITIES/native-sse2/sample.json
lines iterators/FindAllViaU16/A_TALE_OF_TWO_CITIES/native-sse2/tukey.json
lines iterators/FindAllViaU16/A_TALE_OF_TWO_CITIES/native-sse4/
lines iterators/FindAllViaU16/A_TALE_OF_TWO_CITIES/native-sse4/benchmark.json
lines iterators/FindAllViaU16/A_TALE_OF_TWO_CITIES/native-sse4/estimates.json
lines iterators/FindAllViaU16/A_TALE_OF_TWO_CITIES/native-sse4/sample.json
lines iterators/FindAllViaU16/A_TALE_OF_TWO_CITIES/native-sse4/tukey.json
lines iterators/FindAllViaU16/A_TALE_OF_TWO_CITIES/native/
lines iterators/FindAllViaU16/A_TALE_OF_TWO_CITIES/native/benchmark.json
lines iterators/FindAllViaU16/A_TALE_OF_TWO_CITIES/native/estimates.json
lines iterators/FindAllViaU16/A_TALE_OF_TWO_CITIES/native/sample.json
lines iterators/FindAllViaU16/A_TALE_OF_TWO_CITIES/native/tukey.json
lines iterators/FindAllViaU16/A_TALE_OF_TWO_CITIES/new/
lines iterators/FindAllViaU16/A_TALE_OF_TWO_CITIES/new/benchmark.json
lines iterators/FindAllViaU16/A_TALE_OF_TWO_CITIES/new/estimates.json
lines iterators/FindAllViaU16/A_TALE_OF_TWO_CITIES/new/sample.json
lines iterators/FindAllViaU16/A_TALE_OF_TWO_CITIES/new/tukey.json
lines iterators/FindAllViaU16/BACILLUS_EMBL/
lines iterators/FindAllViaU16/BACILLUS_EMBL/default/
lines iterators/FindAllViaU16/BACILLUS_EMBL/default/benchmark.json
lines iterators/FindAllViaU16/BACILLUS_EMBL/default/estimates.json
lines iterators/FindAllViaU16/BACILLUS_EMBL/default/sample.json
lines iterators/FindAllViaU16/BACILLUS_EMBL/default/tukey.json
lines iterators/FindAllViaU16/BACILLUS_EMBL/native-avx/
lines iterators/FindAllViaU16/BACILLUS_EMBL/native-avx/benchmark.json
lines iterators/FindAllViaU16/BACILLUS_EMBL/native-avx/estimates.json
lines iterators/FindAllViaU16/BACILLUS_EMBL/native-avx/sample.json
lines iterators/FindAllViaU16/BACILLUS_EMBL/native-avx/tukey.json
lines iterators/FindAllViaU16/BACILLUS_EMBL/native-avx2/
lines iterators/FindAllViaU16/BACILLUS_EMBL/native-avx2/benchmark.json
lines iterators/FindAllViaU16/BACILLUS_EMBL/native-avx2/estimates.json
lines iterators/FindAllViaU16/BACILLUS_EMBL/native-avx2/sample.json
lines iterators/FindAllViaU16/BACILLUS_EMBL/native-avx2/tukey.json
lines iterators/FindAllViaU16/BACILLUS_EMBL/native-sse2/
lines iterators/FindAllViaU16/BACILLUS_EMBL/native-sse2/benchmark.json
lines iterators/FindAllViaU16/BACILLUS_EMBL/native-sse2/estimates.json
lines iterators/FindAllViaU16/BACILLUS_EMBL/native-sse2/sample.json
lines iterators/FindAllViaU16/BACILLUS_EMBL/native-sse2/tukey.json
lines iterators/FindAllViaU16/BACILLUS_EMBL/native-sse4/
lines iterators/FindAllViaU16/BACILLUS_EMBL/native-sse4/benchmark.json
lines iterators/FindAllViaU16/BACILLUS_EMBL/native-sse4/estimates.json
lines iterators/FindAllViaU16/BACILLUS_EMBL/native-sse4/sample.json
lines iterators/FindAllViaU16/BACILLUS_EMBL/native-sse4/tukey.json
lines iterators/FindAllViaU16/BACILLUS_EMBL/native/
lines iterators/FindAllViaU16/BACILLUS_EMBL/native/benchmark.json
lines iterators/FindAllViaU16/BACILLUS_EMBL/native/estimates.json
lines iterators/FindAllViaU16/BACILLUS_EMBL/native/sample.json
lines iterators/FindAllViaU16/BACILLUS_EMBL/native/tukey.json
lines iterators/FindAllViaU16/BACILLUS_EMBL/new/
lines iterators/FindAllViaU16/BACILLUS_EMBL/new/benchmark.json
lines iterators/FindAllViaU16/BACILLUS_EMBL/new/estimates.json
lines iterators/FindAllViaU16/BACILLUS_EMBL/new/sample.json
lines iterators/FindAllViaU16/BACILLUS_EMBL/new/tukey.json
lines iterators/FindAllViaU16/BACILLUS_FASTA/
lines iterators/FindAllViaU16/BACILLUS_FASTA/default/
lines iterators/FindAllViaU16/BACILLUS_FASTA/default/benchmark.json
lines iterators/FindAllViaU16/BACILLUS_FASTA/default/estimates.json
lines iterators/FindAllViaU16/BACILLUS_FASTA/default/sample.json
lines iterators/FindAllViaU16/BACILLUS_FASTA/default/tukey.json
lines iterators/FindAllViaU16/BACILLUS_FASTA/native-avx/
lines iterators/FindAllViaU16/BACILLUS_FASTA/native-avx/benchmark.json
lines iterators/FindAllViaU16/BACILLUS_FASTA/native-avx/estimates.json
lines iterators/FindAllViaU16/BACILLUS_FASTA/native-avx/sample.json
lines iterators/FindAllViaU16/BACILLUS_FASTA/native-avx/tukey.json
lines iterators/FindAllViaU16/BACILLUS_FASTA/native-avx2/
lines iterators/FindAllViaU16/BACILLUS_FASTA/native-avx2/benchmark.json
lines iterators/FindAllViaU16/BACILLUS_FASTA/native-avx2/estimates.json
lines iterators/FindAllViaU16/BACILLUS_FASTA/native-avx2/sample.json
lines iterators/FindAllViaU16/BACILLUS_FASTA/native-avx2/tukey.json
lines iterators/FindAllViaU16/BACILLUS_FASTA/native-sse2/
lines iterators/FindAllViaU16/BACILLUS_FASTA/native-sse2/benchmark.json
lines iterators/FindAllViaU16/BACILLUS_FASTA/native-sse2/estimates.json
lines iterators/FindAllViaU16/BACILLUS_FASTA/native-sse2/sample.json
lines iterators/FindAllViaU16/BACILLUS_FASTA/native-sse2/tukey.json
lines iterators/FindAllViaU16/BACILLUS_FASTA/native-sse4/
lines iterators/FindAllViaU16/BACILLUS_FASTA/native-sse4/benchmark.json
lines iterators/FindAllViaU16/BACILLUS_FASTA/native-sse4/estimates.json
lines iterators/FindAllViaU16/BACILLUS_FASTA/native-sse4/sample.json
lines iterators/FindAllViaU16/BACILLUS_FASTA/native-sse4/tukey.json
lines iterators/FindAllViaU16/BACILLUS_FASTA/native/
lines iterators/FindAllViaU16/BACILLUS_FASTA/native/benchmark.json
lines iterators/FindAllViaU16/BACILLUS_FASTA/native/estimates.json
lines iterators/FindAllViaU16/BACILLUS_FASTA/native/sample.json
lines iterators/FindAllViaU16/BACILLUS_FASTA/native/tukey.json
lines iterators/FindAllViaU16/BACILLUS_FASTA/new/
lines iterators/FindAllViaU16/BACILLUS_FASTA/new/benchmark.json
lines iterators/FindAllViaU16/BACILLUS_FASTA/new/estimates.json
lines iterators/FindAllViaU16/BACILLUS_FASTA/new/sample.json
lines iterators/FindAllViaU16/BACILLUS_FASTA/new/tukey.json
lines iterators/FindAllViaU32/
lines iterators/FindAllViaU32/A_TALE_OF_TWO_CITIES/
lines iterators/FindAllViaU32/A_TALE_OF_TWO_CITIES/default/
lines iterators/FindAllViaU32/A_TALE_OF_TWO_CITIES/default/benchmark.json
lines iterators/FindAllViaU32/A_TALE_OF_TWO_CITIES/default/estimates.json
lines iterators/FindAllViaU32/A_TALE_OF_TWO_CITIES/default/sample.json
lines iterators/FindAllViaU32/A_TALE_OF_TWO_CITIES/default/tukey.json
lines iterators/FindAllViaU32/A_TALE_OF_TWO_CITIES/native-avx/
lines iterators/FindAllViaU32/A_TALE_OF_TWO_CITIES/native-avx/benchmark.json
lines iterators/FindAllViaU32/A_TALE_OF_TWO_CITIES/native-avx/estimates.json
lines iterators/FindAllViaU32/A_TALE_OF_TWO_CITIES/native-avx/sample.json
lines iterators/FindAllViaU32/A_TALE_OF_TWO_CITIES/native-avx/tukey.json
lines iterators/FindAllViaU32/A_TALE_OF_TWO_CITIES/native-avx2/
lines iterators/FindAllViaU32/A_TALE_OF_TWO_CITIES/native-avx2/benchmark.json
lines iterators/FindAllViaU32/A_TALE_OF_TWO_CITIES/native-avx2/estimates.json
lines iterators/FindAllViaU32/A_TALE_OF_TWO_CITIES/native-avx2/sample.json
lines iterators/FindAllViaU32/A_TALE_OF_TWO_CITIES/native-avx2/tukey.json
lines iterators/FindAllViaU32/A_TALE_OF_TWO_CITIES/native-sse2/
lines iterators/FindAllViaU32/A_TALE_OF_TWO_CITIES/native-sse2/benchmark.json
lines iterators/FindAllViaU32/A_TALE_OF_TWO_CITIES/native-sse2/estimates.json
lines iterators/FindAllViaU32/A_TALE_OF_TWO_CITIES/native-sse2/sample.json
lines iterators/FindAllViaU32/A_TALE_OF_TWO_CITIES/native-sse2/tukey.json
lines iterators/FindAllViaU32/A_TALE_OF_TWO_CITIES/native-sse4/
lines iterators/FindAllViaU32/A_TALE_OF_TWO_CITIES/native-sse4/benchmark.json
lines iterators/FindAllViaU32/A_TALE_OF_TWO_CITIES/native-sse4/estimates.json
lines iterators/FindAllViaU32/A_TALE_OF_TWO_CITIES/native-sse4/sample.json
lines iterators/FindAllViaU32/A_TALE_OF_TWO_CITIES/native-sse4/tukey.json
lines iterators/FindAllViaU32/A_TALE_OF_TWO_CITIES/native/
lines iterators/FindAllViaU32/A_TALE_OF_TWO_CITIES/native/benchmark.json
lines iterators/FindAllViaU32/A_TALE_OF_TWO_CITIES/native/estimates.json
lines iterators/FindAllViaU32/A_TALE_OF_TWO_CITIES/native/sample.json
lines iterators/FindAllViaU32/A_TALE_OF_TWO_CITIES/native/tukey.json
lines iterators/FindAllViaU32/A_TALE_OF_TWO_CITIES/new/
lines iterators/FindAllViaU32/A_TALE_OF_TWO_CITIES/new/benchmark.json
lines iterators/FindAllViaU32/A_TALE_OF_TWO_CITIES/new/estimates.json
lines iterators/FindAllViaU32/A_TALE_OF_TWO_CITIES/new/sample.json
lines iterators/FindAllViaU32/A_TALE_OF_TWO_CITIES/new/tukey.json
lines iterators/FindAllViaU32/BACILLUS_EMBL/
lines iterators/FindAllViaU32/BACILLUS_EMBL/default/
lines iterators/FindAllViaU32/BACILLUS_EMBL/default/benchmark.json
lines iterators/FindAllViaU32/BACILLUS_EMBL/default/estimates.json
lines iterators/FindAllViaU32/BACILLUS_EMBL/default/sample.json
lines iterators/FindAllViaU32/BACILLUS_EMBL/default/tukey.json
lines iterators/FindAllViaU32/BACILLUS_EMBL/native-avx/
lines iterators/FindAllViaU32/BACILLUS_EMBL/native-avx/benchmark.json
lines iterators/FindAllViaU32/BACILLUS_EMBL/native-avx/estimates.json
lines iterators/FindAllViaU32/BACILLUS_EMBL/native-avx/sample.json
lines iterators/FindAllViaU32/BACILLUS_EMBL/native-avx/tukey.json
lines iterators/FindAllViaU32/BACILLUS_EMBL/native-avx2/
lines iterators/FindAllViaU32/BACILLUS_EMBL/native-avx2/benchmark.json
lines iterators/FindAllViaU32/BACILLUS_EMBL/native-avx2/estimates.json
lines iterators/FindAllViaU32/BACILLUS_EMBL/native-avx2/sample.json
lines iterators/FindAllViaU32/BACILLUS_EMBL/native-avx2/tukey.json
lines iterators/FindAllViaU32/BACILLUS_EMBL/native-sse2/
lines iterators/FindAllViaU32/BACILLUS_EMBL/native-sse2/benchmark.json
lines iterators/FindAllViaU32/BACILLUS_EMBL/native-sse2/estimates.json
lines iterators/FindAllViaU32/BACILLUS_EMBL/native-sse2/sample.json
lines iterators/FindAllViaU32/BACILLUS_EMBL/native-sse2/tukey.json
lines iterators/FindAllViaU32/BACILLUS_EMBL/native-sse4/
lines iterators/FindAllViaU32/BACILLUS_EMBL/native-sse4/benchmark.json
lines iterators/FindAllViaU32/BACILLUS_EMBL/native-sse4/estimates.json
lines iterators/FindAllViaU32/BACILLUS_EMBL/native-sse4/sample.json
lines iterators/FindAllViaU32/BACILLUS_EMBL/native-sse4/tukey.json
lines iterators/FindAllViaU32/BACILLUS_EMBL/native/
lines iterators/FindAllViaU32/BACILLUS_EMBL/native/benchmark.json
lines iterators/FindAllViaU32/BACILLUS_EMBL/native/estimates.json
lines iterators/FindAllViaU32/BACILLUS_EMBL/native/sample.json
lines iterators/FindAllViaU32/BACILLUS_EMBL/native/tukey.json
lines iterators/FindAllViaU32/BACILLUS_EMBL/new/
lines iterators/FindAllViaU32/BACILLUS_EMBL/new/benchmark.json
lines iterators/FindAllViaU32/BACILLUS_EMBL/new/estimates.json
lines iterators/FindAllViaU32/BACILLUS_EMBL/new/sample.json
lines iterators/FindAllViaU32/BACILLUS_EMBL/new/tukey.json
lines iterators/FindAllViaU32/BACILLUS_FASTA/
lines iterators/FindAllViaU32/BACILLUS_FASTA/default/
lines iterators/FindAllViaU32/BACILLUS_FASTA/default/benchmark.json
lines iterators/FindAllViaU32/BACILLUS_FASTA/default/estimates.json
lines iterators/FindAllViaU32/BACILLUS_FASTA/default/sample.json
lines iterators/FindAllViaU32/BACILLUS_FASTA/default/tukey.json
lines iterators/FindAllViaU32/BACILLUS_FASTA/native-avx/
lines iterators/FindAllViaU32/BACILLUS_FASTA/native-avx/benchmark.json
lines iterators/FindAllViaU32/BACILLUS_FASTA/native-avx/estimates.json
lines iterators/FindAllViaU32/BACILLUS_FASTA/native-avx/sample.json
lines iterators/FindAllViaU32/BACILLUS_FASTA/native-avx/tukey.json
lines iterators/FindAllViaU32/BACILLUS_FASTA/native-avx2/
lines iterators/FindAllViaU32/BACILLUS_FASTA/native-avx2/benchmark.json
lines iterators/FindAllViaU32/BACILLUS_FASTA/native-avx2/estimates.json
lines iterators/FindAllViaU32/BACILLUS_FASTA/native-avx2/sample.json
lines iterators/FindAllViaU32/BACILLUS_FASTA/native-avx2/tukey.json
lines iterators/FindAllViaU32/BACILLUS_FASTA/native-sse2/
lines iterators/FindAllViaU32/BACILLUS_FASTA/native-sse2/benchmark.json
lines iterators/FindAllViaU32/BACILLUS_FASTA/native-sse2/estimates.json
lines iterators/FindAllViaU32/BACILLUS_FASTA/native-sse2/sample.json
lines iterators/FindAllViaU32/BACILLUS_FASTA/native-sse2/tukey.json
lines iterators/FindAllViaU32/BACILLUS_FASTA/native-sse4/
lines iterators/FindAllViaU32/BACILLUS_FASTA/native-sse4/benchmark.json
lines iterators/FindAllViaU32/BACILLUS_FASTA/native-sse4/estimates.json
lines iterators/FindAllViaU32/BACILLUS_FASTA/native-sse4/sample.json
lines iterators/FindAllViaU32/BACILLUS_FASTA/native-sse4/tukey.json
lines iterators/FindAllViaU32/BACILLUS_FASTA/native/
lines iterators/FindAllViaU32/BACILLUS_FASTA/native/benchmark.json
lines iterators/FindAllViaU32/BACILLUS_FASTA/native/estimates.json
lines iterators/FindAllViaU32/BACILLUS_FASTA/native/sample.json
lines iterators/FindAllViaU32/BACILLUS_FASTA/native/tukey.json
lines iterators/FindAllViaU32/BACILLUS_FASTA/new/
lines iterators/FindAllViaU32/BACILLUS_FASTA/new/benchmark.json
lines iterators/FindAllViaU32/BACILLUS_FASTA/new/estimates.json
lines iterators/FindAllViaU32/BACILLUS_FASTA/new/sample.json
lines iterators/FindAllViaU32/BACILLUS_FASTA/new/tukey.json
lines iterators/FindAllViaU64/
lines iterators/FindAllViaU64/A_TALE_OF_TWO_CITIES/
lines iterators/FindAllViaU64/A_TALE_OF_TWO_CITIES/default/
lines iterators/FindAllViaU64/A_TALE_OF_TWO_CITIES/default/benchmark.json
lines iterators/FindAllViaU64/A_TALE_OF_TWO_CITIES/default/estimates.json
lines iterators/FindAllViaU64/A_TALE_OF_TWO_CITIES/default/sample.json
lines iterators/FindAllViaU64/A_TALE_OF_TWO_CITIES/default/tukey.json
lines iterators/FindAllViaU64/A_TALE_OF_TWO_CITIES/native-avx/
lines iterators/FindAllViaU64/A_TALE_OF_TWO_CITIES/native-avx/benchmark.json
lines iterators/FindAllViaU64/A_TALE_OF_TWO_CITIES/native-avx/estimates.json
lines iterators/FindAllViaU64/A_TALE_OF_TWO_CITIES/native-avx/sample.json
lines iterators/FindAllViaU64/A_TALE_OF_TWO_CITIES/native-avx/tukey.json
lines iterators/FindAllViaU64/A_TALE_OF_TWO_CITIES/native-avx2/
lines iterators/FindAllViaU64/A_TALE_OF_TWO_CITIES/native-avx2/benchmark.json
lines iterators/FindAllViaU64/A_TALE_OF_TWO_CITIES/native-avx2/estimates.json
lines iterators/FindAllViaU64/A_TALE_OF_TWO_CITIES/native-avx2/sample.json
lines iterators/FindAllViaU64/A_TALE_OF_TWO_CITIES/native-avx2/tukey.json
lines iterators/FindAllViaU64/A_TALE_OF_TWO_CITIES/native-sse2/
lines iterators/FindAllViaU64/A_TALE_OF_TWO_CITIES/native-sse2/benchmark.json
lines iterators/FindAllViaU64/A_TALE_OF_TWO_CITIES/native-sse2/estimates.json
lines iterators/FindAllViaU64/A_TALE_OF_TWO_CITIES/native-sse2/sample.json
lines iterators/FindAllViaU64/A_TALE_OF_TWO_CITIES/native-sse2/tukey.json
lines iterators/FindAllViaU64/A_TALE_OF_TWO_CITIES/native-sse4/
lines iterators/FindAllViaU64/A_TALE_OF_TWO_CITIES/native-sse4/benchmark.json
lines iterators/FindAllViaU64/A_TALE_OF_TWO_CITIES/native-sse4/estimates.json
lines iterators/FindAllViaU64/A_TALE_OF_TWO_CITIES/native-sse4/sample.json
lines iterators/FindAllViaU64/A_TALE_OF_TWO_CITIES/native-sse4/tukey.json
lines iterators/FindAllViaU64/A_TALE_OF_TWO_CITIES/native/
lines iterators/FindAllViaU64/A_TALE_OF_TWO_CITIES/native/benchmark.json
lines iterators/FindAllViaU64/A_TALE_OF_TWO_CITIES/native/estimates.json
lines iterators/FindAllViaU64/A_TALE_OF_TWO_CITIES/native/sample.json
lines iterators/FindAllViaU64/A_TALE_OF_TWO_CITIES/native/tukey.json
lines iterators/FindAllViaU64/A_TALE_OF_TWO_CITIES/new/
lines iterators/FindAllViaU64/A_TALE_OF_TWO_CITIES/new/benchmark.json
lines iterators/FindAllViaU64/A_TALE_OF_TWO_CITIES/new/estimates.json
lines iterators/FindAllViaU64/A_TALE_OF_TWO_CITIES/new/sample.json
lines iterators/FindAllViaU64/A_TALE_OF_TWO_CITIES/new/tukey.json
lines iterators/FindAllViaU64/BACILLUS_EMBL/
lines iterators/FindAllViaU64/BACILLUS_EMBL/default/
lines iterators/FindAllViaU64/BACILLUS_EMBL/default/benchmark.json
lines iterators/FindAllViaU64/BACILLUS_EMBL/default/estimates.json
lines iterators/FindAllViaU64/BACILLUS_EMBL/default/sample.json
lines iterators/FindAllViaU64/BACILLUS_EMBL/default/tukey.json
lines iterators/FindAllViaU64/BACILLUS_EMBL/native-avx/
lines iterators/FindAllViaU64/BACILLUS_EMBL/native-avx/benchmark.json
lines iterators/FindAllViaU64/BACILLUS_EMBL/native-avx/estimates.json
lines iterators/FindAllViaU64/BACILLUS_EMBL/native-avx/sample.json
lines iterators/FindAllViaU64/BACILLUS_EMBL/native-avx/tukey.json
lines iterators/FindAllViaU64/BACILLUS_EMBL/native-avx2/
lines iterators/FindAllViaU64/BACILLUS_EMBL/native-avx2/benchmark.json
lines iterators/FindAllViaU64/BACILLUS_EMBL/native-avx2/estimates.json
lines iterators/FindAllViaU64/BACILLUS_EMBL/native-avx2/sample.json
lines iterators/FindAllViaU64/BACILLUS_EMBL/native-avx2/tukey.json
lines iterators/FindAllViaU64/BACILLUS_EMBL/native-sse2/
lines iterators/FindAllViaU64/BACILLUS_EMBL/native-sse2/benchmark.json
lines iterators/FindAllViaU64/BACILLUS_EMBL/native-sse2/estimates.json
lines iterators/FindAllViaU64/BACILLUS_EMBL/native-sse2/sample.json
lines iterators/FindAllViaU64/BACILLUS_EMBL/native-sse2/tukey.json
lines iterators/FindAllViaU64/BACILLUS_EMBL/native-sse4/
lines iterators/FindAllViaU64/BACILLUS_EMBL/native-sse4/benchmark.json
lines iterators/FindAllViaU64/BACILLUS_EMBL/native-sse4/estimates.json
lines iterators/FindAllViaU64/BACILLUS_EMBL/native-sse4/sample.json
lines iterators/FindAllViaU64/BACILLUS_EMBL/native-sse4/tukey.json
lines iterators/FindAllViaU64/BACILLUS_EMBL/native/
lines iterators/FindAllViaU64/BACILLUS_EMBL/native/benchmark.json
lines iterators/FindAllViaU64/BACILLUS_EMBL/native/estimates.json
lines iterators/FindAllViaU64/BACILLUS_EMBL/native/sample.json
lines iterators/FindAllViaU64/BACILLUS_EMBL/native/tukey.json
lines iterators/FindAllViaU64/BACILLUS_EMBL/new/
lines iterators/FindAllViaU64/BACILLUS_EMBL/new/benchmark.json
lines iterators/FindAllViaU64/BACILLUS_EMBL/new/estimates.json
lines iterators/FindAllViaU64/BACILLUS_EMBL/new/sample.json
lines iterators/FindAllViaU64/BACILLUS_EMBL/new/tukey.json
lines iterators/FindAllViaU64/BACILLUS_FASTA/
lines iterators/FindAllViaU64/BACILLUS_FASTA/default/
lines iterators/FindAllViaU64/BACILLUS_FASTA/default/benchmark.json
lines iterators/FindAllViaU64/BACILLUS_FASTA/default/estimates.json
lines iterators/FindAllViaU64/BACILLUS_FASTA/default/sample.json
lines iterators/FindAllViaU64/BACILLUS_FASTA/default/tukey.json
lines iterators/FindAllViaU64/BACILLUS_FASTA/native-avx/
lines iterators/FindAllViaU64/BACILLUS_FASTA/native-avx/benchmark.json
lines iterators/FindAllViaU64/BACILLUS_FASTA/native-avx/estimates.json
lines iterators/FindAllViaU64/BACILLUS_FASTA/native-avx/sample.json
lines iterators/FindAllViaU64/BACILLUS_FASTA/native-avx/tukey.json
lines iterators/FindAllViaU64/BACILLUS_FASTA/native-avx2/
lines iterators/FindAllViaU64/BACILLUS_FASTA/native-avx2/benchmark.json
lines iterators/FindAllViaU64/BACILLUS_FASTA/native-avx2/estimates.json
lines iterators/FindAllViaU64/BACILLUS_FASTA/native-avx2/sample.json
lines iterators/FindAllViaU64/BACILLUS_FASTA/native-avx2/tukey.json
lines iterators/FindAllViaU64/BACILLUS_FASTA/native-sse2/
lines iterators/FindAllViaU64/BACILLUS_FASTA/native-sse2/benchmark.json
lines iterators/FindAllViaU64/BACILLUS_FASTA/native-sse2/estimates.json
lines iterators/FindAllViaU64/BACILLUS_FASTA/native-sse2/sample.json
lines iterators/FindAllViaU64/BACILLUS_FASTA/native-sse2/tukey.json
lines iterators/FindAllViaU64/BACILLUS_FASTA/native-sse4/
lines iterators/FindAllViaU64/BACILLUS_FASTA/native-sse4/benchmark.json
lines iterators/FindAllViaU64/BACILLUS_FASTA/native-sse4/estimates.json
lines iterators/FindAllViaU64/BACILLUS_FASTA/native-sse4/sample.json
lines iterators/FindAllViaU64/BACILLUS_FASTA/native-sse4/tukey.json
lines iterators/FindAllViaU64/BACILLUS_FASTA/native/
lines iterators/FindAllViaU64/BACILLUS_FASTA/native/benchmark.json
lines iterators/FindAllViaU64/BACILLUS_FASTA/native/estimates.json
lines iterators/FindAllViaU64/BACILLUS_FASTA/native/sample.json
lines iterators/FindAllViaU64/BACILLUS_FASTA/native/tukey.json
lines iterators/FindAllViaU64/BACILLUS_FASTA/new/
lines iterators/FindAllViaU64/BACILLUS_FASTA/new/benchmark.json
lines iterators/FindAllViaU64/BACILLUS_FASTA/new/estimates.json
lines iterators/FindAllViaU64/BACILLUS_FASTA/new/sample.json
lines iterators/FindAllViaU64/BACILLUS_FASTA/new/tukey.json
lines iterators/str__lines/
lines iterators/str__lines/A_TALE_OF_TWO_CITIES/
lines iterators/str__lines/A_TALE_OF_TWO_CITIES/default/
lines iterators/str__lines/A_TALE_OF_TWO_CITIES/default/benchmark.json
lines iterators/str__lines/A_TALE_OF_TWO_CITIES/default/estimates.json
lines iterators/str__lines/A_TALE_OF_TWO_CITIES/default/sample.json
lines iterators/str__lines/A_TALE_OF_TWO_CITIES/default/tukey.json
lines iterators/str__lines/A_TALE_OF_TWO_CITIES/native-avx/
lines iterators/str__lines/A_TALE_OF_TWO_CITIES/native-avx/benchmark.json
lines iterators/str__lines/A_TALE_OF_TWO_CITIES/native-avx/estimates.json
lines iterators/str__lines/A_TALE_OF_TWO_CITIES/native-avx/sample.json
lines iterators/str__lines/A_TALE_OF_TWO_CITIES/native-avx/tukey.json
lines iterators/str__lines/A_TALE_OF_TWO_CITIES/native-avx2/
lines iterators/str__lines/A_TALE_OF_TWO_CITIES/native-avx2/benchmark.json
lines iterators/str__lines/A_TALE_OF_TWO_CITIES/native-avx2/estimates.json
lines iterators/str__lines/A_TALE_OF_TWO_CITIES/native-avx2/sample.json
lines iterators/str__lines/A_TALE_OF_TWO_CITIES/native-avx2/tukey.json
lines iterators/str__lines/A_TALE_OF_TWO_CITIES/native-sse2/
lines iterators/str__lines/A_TALE_OF_TWO_CITIES/native-sse2/benchmark.json
lines iterators/str__lines/A_TALE_OF_TWO_CITIES/native-sse2/estimates.json
lines iterators/str__lines/A_TALE_OF_TWO_CITIES/native-sse2/sample.json
lines iterators/str__lines/A_TALE_OF_TWO_CITIES/native-sse2/tukey.json
lines iterators/str__lines/A_TALE_OF_TWO_CITIES/native-sse4/
lines iterators/str__lines/A_TALE_OF_TWO_CITIES/native-sse4/benchmark.json
lines iterators/str__lines/A_TALE_OF_TWO_CITIES/native-sse4/estimates.json
lines iterators/str__lines/A_TALE_OF_TWO_CITIES/native-sse4/sample.json
lines iterators/str__lines/A_TALE_OF_TWO_CITIES/native-sse4/tukey.json
lines iterators/str__lines/A_TALE_OF_TWO_CITIES/native/
lines iterators/str__lines/A_TALE_OF_TWO_CITIES/native/benchmark.json
lines iterators/str__lines/A_TALE_OF_TWO_CITIES/native/estimates.json
lines iterators/str__lines/A_TALE_OF_TWO_CITIES/native/sample.json
lines iterators/str__lines/A_TALE_OF_TWO_CITIES/native/tukey.json
lines iterators/str__lines/A_TALE_OF_TWO_CITIES/new/
lines iterators/str__lines/A_TALE_OF_TWO_CITIES/new/benchmark.json
lines iterators/str__lines/A_TALE_OF_TWO_CITIES/new/estimates.json
lines iterators/str__lines/A_TALE_OF_TWO_CITIES/new/sample.json
lines iterators/str__lines/A_TALE_OF_TWO_CITIES/new/tukey.json
lines iterators/str__lines/BACILLUS_EMBL/
lines iterators/str__lines/BACILLUS_EMBL/default/
lines iterators/str__lines/BACILLUS_EMBL/default/benchmark.json
lines iterators/str__lines/BACILLUS_EMBL/default/estimates.json
lines iterators/str__lines/BACILLUS_EMBL/default/sample.json
lines iterators/str__lines/BACILLUS_EMBL/default/tukey.json
lines iterators/str__lines/BACILLUS_EMBL/native-avx/
lines iterators/str__lines/BACILLUS_EMBL/native-avx/benchmark.json
lines iterators/str__lines/BACILLUS_EMBL/native-avx/estimates.json
lines iterators/str__lines/BACILLUS_EMBL/native-avx/sample.json
lines iterators/str__lines/BACILLUS_EMBL/native-avx/tukey.json
lines iterators/str__lines/BACILLUS_EMBL/native-avx2/
lines iterators/str__lines/BACILLUS_EMBL/native-avx2/benchmark.json
lines iterators/str__lines/BACILLUS_EMBL/native-avx2/estimates.json
lines iterators/str__lines/BACILLUS_EMBL/native-avx2/sample.json
lines iterators/str__lines/BACILLUS_EMBL/native-avx2/tukey.json
lines iterators/str__lines/BACILLUS_EMBL/native-sse2/
lines iterators/str__lines/BACILLUS_EMBL/native-sse2/benchmark.json
lines iterators/str__lines/BACILLUS_EMBL/native-sse2/estimates.json
lines iterators/str__lines/BACILLUS_EMBL/native-sse2/sample.json
lines iterators/str__lines/BACILLUS_EMBL/native-sse2/tukey.json
lines iterators/str__lines/BACILLUS_EMBL/native-sse4/
lines iterators/str__lines/BACILLUS_EMBL/native-sse4/benchmark.json
lines iterators/str__lines/BACILLUS_EMBL/native-sse4/estimates.json
lines iterators/str__lines/BACILLUS_EMBL/native-sse4/sample.json
lines iterators/str__lines/BACILLUS_EMBL/native-sse4/tukey.json
lines iterators/str__lines/BACILLUS_EMBL/native/
lines iterators/str__lines/BACILLUS_EMBL/native/benchmark.json
lines iterators/str__lines/BACILLUS_EMBL/native/estimates.json
lines iterators/str__lines/BACILLUS_EMBL/native/sample.json
lines iterators/str__lines/BACILLUS_EMBL/native/tukey.json
lines iterators/str__lines/BACILLUS_EMBL/new/
lines iterators/str__lines/BACILLUS_EMBL/new/benchmark.json
lines iterators/str__lines/BACILLUS_EMBL/new/estimates.json
lines iterators/str__lines/BACILLUS_EMBL/new/sample.json
lines iterators/str__lines/BACILLUS_EMBL/new/tukey.json
lines iterators/str__lines/BACILLUS_FASTA/
lines iterators/str__lines/BACILLUS_FASTA/default/
lines iterators/str__lines/BACILLUS_FASTA/default/benchmark.json
lines iterators/str__lines/BACILLUS_FASTA/default/estimates.json
lines iterators/str__lines/BACILLUS_FASTA/default/sample.json
lines iterators/str__lines/BACILLUS_FASTA/default/tukey.json
lines iterators/str__lines/BACILLUS_FASTA/native-avx/
lines iterators/str__lines/BACILLUS_FASTA/native-avx/benchmark.json
lines iterators/str__lines/BACILLUS_FASTA/native-avx/estimates.json
lines iterators/str__lines/BACILLUS_FASTA/native-avx/sample.json
lines iterators/str__lines/BACILLUS_FASTA/native-avx/tukey.json
lines iterators/str__lines/BACILLUS_FASTA/native-avx2/
lines iterators/str__lines/BACILLUS_FASTA/native-avx2/benchmark.json
lines iterators/str__lines/BACILLUS_FASTA/native-avx2/estimates.json
lines iterators/str__lines/BACILLUS_FASTA/native-avx2/sample.json
lines iterators/str__lines/BACILLUS_FASTA/native-avx2/tukey.json
lines iterators/str__lines/BACILLUS_FASTA/native-sse2/
lines iterators/str__lines/BACILLUS_FASTA/native-sse2/benchmark.json
lines iterators/str__lines/BACILLUS_FASTA/native-sse2/estimates.json
lines iterators/str__lines/BACILLUS_FASTA/native-sse2/sample.json
lines iterators/str__lines/BACILLUS_FASTA/native-sse2/tukey.json
lines iterators/str__lines/BACILLUS_FASTA/native-sse4/
lines iterators/str__lines/BACILLUS_FASTA/native-sse4/benchmark.json
lines iterators/str__lines/BACILLUS_FASTA/native-sse4/estimates.json
lines iterators/str__lines/BACILLUS_FASTA/native-sse4/sample.json
lines iterators/str__lines/BACILLUS_FASTA/native-sse4/tukey.json
lines iterators/str__lines/BACILLUS_FASTA/native/
lines iterators/str__lines/BACILLUS_FASTA/native/benchmark.json
lines iterators/str__lines/BACILLUS_FASTA/native/estimates.json
lines iterators/str__lines/BACILLUS_FASTA/native/sample.json
lines iterators/str__lines/BACILLUS_FASTA/native/tukey.json
lines iterators/str__lines/BACILLUS_FASTA/new/
lines iterators/str__lines/BACILLUS_FASTA/new/benchmark.json
lines iterators/str__lines/BACILLUS_FASTA/new/estimates.json
lines iterators/str__lines/BACILLUS_FASTA/new/sample.json
lines iterators/str__lines/BACILLUS_FASTA/new/tukey.json
parse full csv flat/
parse full csv flat/FindAllIterating/
parse full csv flat/FindAllIterating/flat parsing/
parse full csv flat/FindAllIterating/flat parsing/default/
parse full csv flat/FindAllIterating/flat parsing/default/benchmark.json
parse full csv flat/FindAllIterating/flat parsing/default/estimates.json
parse full csv flat/FindAllIterating/flat parsing/default/sample.json
parse full csv flat/FindAllIterating/flat parsing/default/tukey.json
parse full csv flat/FindAllIterating/flat parsing/native-avx/
parse full csv flat/FindAllIterating/flat parsing/native-avx/benchmark.json
parse full csv flat/FindAllIterating/flat parsing/native-avx/estimates.json
parse full csv flat/FindAllIterating/flat parsing/native-avx/sample.json
parse full csv flat/FindAllIterating/flat parsing/native-avx/tukey.json
parse full csv flat/FindAllIterating/flat parsing/native-avx2/
parse full csv flat/FindAllIterating/flat parsing/native-avx2/benchmark.json
parse full csv flat/FindAllIterating/flat parsing/native-avx2/estimates.json
parse full csv flat/FindAllIterating/flat parsing/native-avx2/sample.json
parse full csv flat/FindAllIterating/flat parsing/native-avx2/tukey.json
parse full csv flat/FindAllIterating/flat parsing/native-sse2/
parse full csv flat/FindAllIterating/flat parsing/native-sse2/benchmark.json
parse full csv flat/FindAllIterating/flat parsing/native-sse2/estimates.json
parse full csv flat/FindAllIterating/flat parsing/native-sse2/sample.json
parse full csv flat/FindAllIterating/flat parsing/native-sse2/tukey.json
parse full csv flat/FindAllIterating/flat parsing/native-sse4/
parse full csv flat/FindAllIterating/flat parsing/native-sse4/benchmark.json
parse full csv flat/FindAllIterating/flat parsing/native-sse4/estimates.json
parse full csv flat/FindAllIterating/flat parsing/native-sse4/sample.json
parse full csv flat/FindAllIterating/flat parsing/native-sse4/tukey.json
parse full csv flat/FindAllIterating/flat parsing/native/
parse full csv flat/FindAllIterating/flat parsing/native/benchmark.json
parse full csv flat/FindAllIterating/flat parsing/native/estimates.json
parse full csv flat/FindAllIterating/flat parsing/native/sample.json
parse full csv flat/FindAllIterating/flat parsing/native/tukey.json
parse full csv flat/FindAllIterating/flat parsing/new/
parse full csv flat/FindAllIterating/flat parsing/new/benchmark.json
parse full csv flat/FindAllIterating/flat parsing/new/estimates.json
parse full csv flat/FindAllIterating/flat parsing/new/sample.json
parse full csv flat/FindAllIterating/flat parsing/new/tukey.json
parse full csv flat/FindAllMemchrCrate/
parse full csv flat/FindAllMemchrCrate/flat parsing/
parse full csv flat/FindAllMemchrCrate/flat parsing/default/
parse full csv flat/FindAllMemchrCrate/flat parsing/default/benchmark.json
parse full csv flat/FindAllMemchrCrate/flat parsing/default/estimates.json
parse full csv flat/FindAllMemchrCrate/flat parsing/default/sample.json
parse full csv flat/FindAllMemchrCrate/flat parsing/default/tukey.json
parse full csv flat/FindAllMemchrCrate/flat parsing/native-avx/
parse full csv flat/FindAllMemchrCrate/flat parsing/native-avx/benchmark.json
parse full csv flat/FindAllMemchrCrate/flat parsing/native-avx/estimates.json
parse full csv flat/FindAllMemchrCrate/flat parsing/native-avx/sample.json
parse full csv flat/FindAllMemchrCrate/flat parsing/native-avx/tukey.json
parse full csv flat/FindAllMemchrCrate/flat parsing/native-avx2/
parse full csv flat/FindAllMemchrCrate/flat parsing/native-avx2/benchmark.json
parse full csv flat/FindAllMemchrCrate/flat parsing/native-avx2/estimates.json
parse full csv flat/FindAllMemchrCrate/flat parsing/native-avx2/sample.json
parse full csv flat/FindAllMemchrCrate/flat parsing/native-avx2/tukey.json
parse full csv flat/FindAllMemchrCrate/flat parsing/native-sse2/
parse full csv flat/FindAllMemchrCrate/flat parsing/native-sse2/benchmark.json
parse full csv flat/FindAllMemchrCrate/flat parsing/native-sse2/estimates.json
parse full csv flat/FindAllMemchrCrate/flat parsing/native-sse2/sample.json
parse full csv flat/FindAllMemchrCrate/flat parsing/native-sse2/tukey.json
parse full csv flat/FindAllMemchrCrate/flat parsing/native-sse4/
parse full csv flat/FindAllMemchrCrate/flat parsing/native-sse4/benchmark.json
parse full csv flat/FindAllMemchrCrate/flat parsing/native-sse4/estimates.json
parse full csv flat/FindAllMemchrCrate/flat parsing/native-sse4/sample.json
parse full csv flat/FindAllMemchrCrate/flat parsing/native-sse4/tukey.json
parse full csv flat/FindAllMemchrCrate/flat parsing/native/
parse full csv flat/FindAllMemchrCrate/flat parsing/native/benchmark.json
parse full csv flat/FindAllMemchrCrate/flat parsing/native/estimates.json
parse full csv flat/FindAllMemchrCrate/flat parsing/native/sample.json
parse full csv flat/FindAllMemchrCrate/flat parsing/native/tukey.json
parse full csv flat/FindAllMemchrCrate/flat parsing/new/
parse full csv flat/FindAllMemchrCrate/flat parsing/new/benchmark.json
parse full csv flat/FindAllMemchrCrate/flat parsing/new/estimates.json
parse full csv flat/FindAllMemchrCrate/flat parsing/new/sample.json
parse full csv flat/FindAllMemchrCrate/flat parsing/new/tukey.json
parse full csv flat/FindAllViaSimd16/
parse full csv flat/FindAllViaSimd16/flat parsing/
parse full csv flat/FindAllViaSimd16/flat parsing/default/
parse full csv flat/FindAllViaSimd16/flat parsing/default/benchmark.json
parse full csv flat/FindAllViaSimd16/flat parsing/default/estimates.json
parse full csv flat/FindAllViaSimd16/flat parsing/default/sample.json
parse full csv flat/FindAllViaSimd16/flat parsing/default/tukey.json
parse full csv flat/FindAllViaSimd16/flat parsing/native-avx/
parse full csv flat/FindAllViaSimd16/flat parsing/native-avx/benchmark.json
parse full csv flat/FindAllViaSimd16/flat parsing/native-avx/estimates.json
parse full csv flat/FindAllViaSimd16/flat parsing/native-avx/sample.json
parse full csv flat/FindAllViaSimd16/flat parsing/native-avx/tukey.json
parse full csv flat/FindAllViaSimd16/flat parsing/native-avx2/
parse full csv flat/FindAllViaSimd16/flat parsing/native-avx2/benchmark.json
parse full csv flat/FindAllViaSimd16/flat parsing/native-avx2/estimates.json
parse full csv flat/FindAllViaSimd16/flat parsing/native-avx2/sample.json
parse full csv flat/FindAllViaSimd16/flat parsing/native-avx2/tukey.json
parse full csv flat/FindAllViaSimd16/flat parsing/native-sse2/
parse full csv flat/FindAllViaSimd16/flat parsing/native-sse2/benchmark.json
parse full csv flat/FindAllViaSimd16/flat parsing/native-sse2/estimates.json
parse full csv flat/FindAllViaSimd16/flat parsing/native-sse2/sample.json
parse full csv flat/FindAllViaSimd16/flat parsing/native-sse2/tukey.json
parse full csv flat/FindAllViaSimd16/flat parsing/native-sse4/
parse full csv flat/FindAllViaSimd16/flat parsing/native-sse4/benchmark.json
parse full csv flat/FindAllViaSimd16/flat parsing/native-sse4/estimates.json
parse full csv flat/FindAllViaSimd16/flat parsing/native-sse4/sample.json
parse full csv flat/FindAllViaSimd16/flat parsing/native-sse4/tukey.json
parse full csv flat/FindAllViaSimd16/flat parsing/native/
parse full csv flat/FindAllViaSimd16/flat parsing/native/benchmark.json
parse full csv flat/FindAllViaSimd16/flat parsing/native/estimates.json
parse full csv flat/FindAllViaSimd16/flat parsing/native/sample.json
parse full csv flat/FindAllViaSimd16/flat parsing/native/tukey.json
parse full csv flat/FindAllViaSimd16/flat parsing/new/
parse full csv flat/FindAllViaSimd16/flat parsing/new/benchmark.json
parse full csv flat/FindAllViaSimd16/flat parsing/new/estimates.json
parse full csv flat/FindAllViaSimd16/flat parsing/new/sample.json
parse full csv flat/FindAllViaSimd16/flat parsing/new/tukey.json
parse full csv flat/FindAllViaSimd32/
parse full csv flat/FindAllViaSimd32/flat parsing/
parse full csv flat/FindAllViaSimd32/flat parsing/default/
parse full csv flat/FindAllViaSimd32/flat parsing/default/benchmark.json
parse full csv flat/FindAllViaSimd32/flat parsing/default/estimates.json
parse full csv flat/FindAllViaSimd32/flat parsing/default/sample.json
parse full csv flat/FindAllViaSimd32/flat parsing/default/tukey.json
parse full csv flat/FindAllViaSimd32/flat parsing/native-avx/
parse full csv flat/FindAllViaSimd32/flat parsing/native-avx/benchmark.json
parse full csv flat/FindAllViaSimd32/flat parsing/native-avx/estimates.json
parse full csv flat/FindAllViaSimd32/flat parsing/native-avx/sample.json
parse full csv flat/FindAllViaSimd32/flat parsing/native-avx/tukey.json
parse full csv flat/FindAllViaSimd32/flat parsing/native-avx2/
parse full csv flat/FindAllViaSimd32/flat parsing/native-avx2/benchmark.json
parse full csv flat/FindAllViaSimd32/flat parsing/native-avx2/estimates.json
parse full csv flat/FindAllViaSimd32/flat parsing/native-avx2/sample.json
parse full csv flat/FindAllViaSimd32/flat parsing/native-avx2/tukey.json
parse full csv flat/FindAllViaSimd32/flat parsing/native-sse2/
parse full csv flat/FindAllViaSimd32/flat parsing/native-sse2/benchmark.json
parse full csv flat/FindAllViaSimd32/flat parsing/native-sse2/estimates.json
parse full csv flat/FindAllViaSimd32/flat parsing/native-sse2/sample.json
parse full csv flat/FindAllViaSimd32/flat parsing/native-sse2/tukey.json
parse full csv flat/FindAllViaSimd32/flat parsing/native-sse4/
parse full csv flat/FindAllViaSimd32/flat parsing/native-sse4/benchmark.json
parse full csv flat/FindAllViaSimd32/flat parsing/native-sse4/estimates.json
parse full csv flat/FindAllViaSimd32/flat parsing/native-sse4/sample.json
parse full csv flat/FindAllViaSimd32/flat parsing/native-sse4/tukey.json
parse full csv flat/FindAllViaSimd32/flat parsing/native/
parse full csv flat/FindAllViaSimd32/flat parsing/native/benchmark.json
parse full csv flat/FindAllViaSimd32/flat parsing/native/estimates.json
parse full csv flat/FindAllViaSimd32/flat parsing/native/sample.json
parse full csv flat/FindAllViaSimd32/flat parsing/native/tukey.json
parse full csv flat/FindAllViaSimd32/flat parsing/new/
parse full csv flat/FindAllViaSimd32/flat parsing/new/benchmark.json
parse full csv flat/FindAllViaSimd32/flat parsing/new/estimates.json
parse full csv flat/FindAllViaSimd32/flat parsing/new/sample.json
parse full csv flat/FindAllViaSimd32/flat parsing/new/tukey.json
parse full csv flat/FindAllViaSimd64/
parse full csv flat/FindAllViaSimd64/flat parsing/
parse full csv flat/FindAllViaSimd64/flat parsing/default/
parse full csv flat/FindAllViaSimd64/flat parsing/default/benchmark.json
parse full csv flat/FindAllViaSimd64/flat parsing/default/estimates.json
parse full csv flat/FindAllViaSimd64/flat parsing/default/sample.json
parse full csv flat/FindAllViaSimd64/flat parsing/default/tukey.json
parse full csv flat/FindAllViaSimd64/flat parsing/native-avx/
parse full csv flat/FindAllViaSimd64/flat parsing/native-avx/benchmark.json
parse full csv flat/FindAllViaSimd64/flat parsing/native-avx/estimates.json
parse full csv flat/FindAllViaSimd64/flat parsing/native-avx/sample.json
parse full csv flat/FindAllViaSimd64/flat parsing/native-avx/tukey.json
parse full csv flat/FindAllViaSimd64/flat parsing/native-avx2/
parse full csv flat/FindAllViaSimd64/flat parsing/native-avx2/benchmark.json
parse full csv flat/FindAllViaSimd64/flat parsing/native-avx2/estimates.json
parse full csv flat/FindAllViaSimd64/flat parsing/native-avx2/sample.json
parse full csv flat/FindAllViaSimd64/flat parsing/native-avx2/tukey.json
parse full csv flat/FindAllViaSimd64/flat parsing/native-sse2/
parse full csv flat/FindAllViaSimd64/flat parsing/native-sse2/benchmark.json
parse full csv flat/FindAllViaSimd64/flat parsing/native-sse2/estimates.json
parse full csv flat/FindAllViaSimd64/flat parsing/native-sse2/sample.json
parse full csv flat/FindAllViaSimd64/flat parsing/native-sse2/tukey.json
parse full csv flat/FindAllViaSimd64/flat parsing/native-sse4/
parse full csv flat/FindAllViaSimd64/flat parsing/native-sse4/benchmark.json
parse full csv flat/FindAllViaSimd64/flat parsing/native-sse4/estimates.json
parse full csv flat/FindAllViaSimd64/flat parsing/native-sse4/sample.json
parse full csv flat/FindAllViaSimd64/flat parsing/native-sse4/tukey.json
parse full csv flat/FindAllViaSimd64/flat parsing/native/
parse full csv flat/FindAllViaSimd64/flat parsing/native/benchmark.json
parse full csv flat/FindAllViaSimd64/flat parsing/native/estimates.json
parse full csv flat/FindAllViaSimd64/flat parsing/native/sample.json
parse full csv flat/FindAllViaSimd64/flat parsing/native/tukey.json
parse full csv flat/FindAllViaSimd64/flat parsing/new/
parse full csv flat/FindAllViaSimd64/flat parsing/new/benchmark.json
parse full csv flat/FindAllViaSimd64/flat parsing/new/estimates.json
parse full csv flat/FindAllViaSimd64/flat parsing/new/sample.json
parse full csv flat/FindAllViaSimd64/flat parsing/new/tukey.json
parse full csv flat/FindAllViaU16/
parse full csv flat/FindAllViaU16/flat parsing/
parse full csv flat/FindAllViaU16/flat parsing/default/
parse full csv flat/FindAllViaU16/flat parsing/default/benchmark.json
parse full csv flat/FindAllViaU16/flat parsing/default/estimates.json
parse full csv flat/FindAllViaU16/flat parsing/default/sample.json
parse full csv flat/FindAllViaU16/flat parsing/default/tukey.json
parse full csv flat/FindAllViaU16/flat parsing/native-avx/
parse full csv flat/FindAllViaU16/flat parsing/native-avx/benchmark.json
parse full csv flat/FindAllViaU16/flat parsing/native-avx/estimates.json
parse full csv flat/FindAllViaU16/flat parsing/native-avx/sample.json
parse full csv flat/FindAllViaU16/flat parsing/native-avx/tukey.json
parse full csv flat/FindAllViaU16/flat parsing/native-avx2/
parse full csv flat/FindAllViaU16/flat parsing/native-avx2/benchmark.json
parse full csv flat/FindAllViaU16/flat parsing/native-avx2/estimates.json
parse full csv flat/FindAllViaU16/flat parsing/native-avx2/sample.json
parse full csv flat/FindAllViaU16/flat parsing/native-avx2/tukey.json
parse full csv flat/FindAllViaU16/flat parsing/native-sse2/
parse full csv flat/FindAllViaU16/flat parsing/native-sse2/benchmark.json
parse full csv flat/FindAllViaU16/flat parsing/native-sse2/estimates.json
parse full csv flat/FindAllViaU16/flat parsing/native-sse2/sample.json
parse full csv flat/FindAllViaU16/flat parsing/native-sse2/tukey.json
parse full csv flat/FindAllViaU16/flat parsing/native-sse4/
parse full csv flat/FindAllViaU16/flat parsing/native-sse4/benchmark.json
parse full csv flat/FindAllViaU16/flat parsing/native-sse4/estimates.json
parse full csv flat/FindAllViaU16/flat parsing/native-sse4/sample.json
parse full csv flat/FindAllViaU16/flat parsing/native-sse4/tukey.json
parse full csv flat/FindAllViaU16/flat parsing/native/
parse full csv flat/FindAllViaU16/flat parsing/native/benchmark.json
parse full csv flat/FindAllViaU16/flat parsing/native/estimates.json
parse full csv flat/FindAllViaU16/flat parsing/native/sample.json
parse full csv flat/FindAllViaU16/flat parsing/native/tukey.json
parse full csv flat/FindAllViaU16/flat parsing/new/
parse full csv flat/FindAllViaU16/flat parsing/new/benchmark.json
parse full csv flat/FindAllViaU16/flat parsing/new/estimates.json
parse full csv flat/FindAllViaU16/flat parsing/new/sample.json
parse full csv flat/FindAllViaU16/flat parsing/new/tukey.json
parse full csv flat/FindAllViaU32/
parse full csv flat/FindAllViaU32/flat parsing/
parse full csv flat/FindAllViaU32/flat parsing/default/
parse full csv flat/FindAllViaU32/flat parsing/default/benchmark.json
parse full csv flat/FindAllViaU32/flat parsing/default/estimates.json
parse full csv flat/FindAllViaU32/flat parsing/default/sample.json
parse full csv flat/FindAllViaU32/flat parsing/default/tukey.json
parse full csv flat/FindAllViaU32/flat parsing/native-avx/
parse full csv flat/FindAllViaU32/flat parsing/native-avx/benchmark.json
parse full csv flat/FindAllViaU32/flat parsing/native-avx/estimates.json
parse full csv flat/FindAllViaU32/flat parsing/native-avx/sample.json
parse full csv flat/FindAllViaU32/flat parsing/native-avx/tukey.json
parse full csv flat/FindAllViaU32/flat parsing/native-avx2/
parse full csv flat/FindAllViaU32/flat parsing/native-avx2/benchmark.json
parse full csv flat/FindAllViaU32/flat parsing/native-avx2/estimates.json
parse full csv flat/FindAllViaU32/flat parsing/native-avx2/sample.json
parse full csv flat/FindAllViaU32/flat parsing/native-avx2/tukey.json
parse full csv flat/FindAllViaU32/flat parsing/native-sse2/
parse full csv flat/FindAllViaU32/flat parsing/native-sse2/benchmark.json
parse full csv flat/FindAllViaU32/flat parsing/native-sse2/estimates.json
parse full csv flat/FindAllViaU32/flat parsing/native-sse2/sample.json
parse full csv flat/FindAllViaU32/flat parsing/native-sse2/tukey.json
parse full csv flat/FindAllViaU32/flat parsing/native-sse4/
parse full csv flat/FindAllViaU32/flat parsing/native-sse4/benchmark.json
parse full csv flat/FindAllViaU32/flat parsing/native-sse4/estimates.json
parse full csv flat/FindAllViaU32/flat parsing/native-sse4/sample.json
parse full csv flat/FindAllViaU32/flat parsing/native-sse4/tukey.json
parse full csv flat/FindAllViaU32/flat parsing/native/
parse full csv flat/FindAllViaU32/flat parsing/native/benchmark.json
parse full csv flat/FindAllViaU32/flat parsing/native/estimates.json
parse full csv flat/FindAllViaU32/flat parsing/native/sample.json
parse full csv flat/FindAllViaU32/flat parsing/native/tukey.json
parse full csv flat/FindAllViaU32/flat parsing/new/
parse full csv flat/FindAllViaU32/flat parsing/new/benchmark.json
parse full csv flat/FindAllViaU32/flat parsing/new/estimates.json
parse full csv flat/FindAllViaU32/flat parsing/new/sample.json
parse full csv flat/FindAllViaU32/flat parsing/new/tukey.json
parse full csv flat/FindAllViaU64/
parse full csv flat/FindAllViaU64/flat parsing/
parse full csv flat/FindAllViaU64/flat parsing/default/
parse full csv flat/FindAllViaU64/flat parsing/default/benchmark.json
parse full csv flat/FindAllViaU64/flat parsing/default/estimates.json
parse full csv flat/FindAllViaU64/flat parsing/default/sample.json
parse full csv flat/FindAllViaU64/flat parsing/default/tukey.json
parse full csv flat/FindAllViaU64/flat parsing/native-avx/
parse full csv flat/FindAllViaU64/flat parsing/native-avx/benchmark.json
parse full csv flat/FindAllViaU64/flat parsing/native-avx/estimates.json
parse full csv flat/FindAllViaU64/flat parsing/native-avx/sample.json
parse full csv flat/FindAllViaU64/flat parsing/native-avx/tukey.json
parse full csv flat/FindAllViaU64/flat parsing/native-avx2/
parse full csv flat/FindAllViaU64/flat parsing/native-avx2/benchmark.json
parse full csv flat/FindAllViaU64/flat parsing/native-avx2/estimates.json
parse full csv flat/FindAllViaU64/flat parsing/native-avx2/sample.json
parse full csv flat/FindAllViaU64/flat parsing/native-avx2/tukey.json
parse full csv flat/FindAllViaU64/flat parsing/native-sse2/
parse full csv flat/FindAllViaU64/flat parsing/native-sse2/benchmark.json
parse full csv flat/FindAllViaU64/flat parsing/native-sse2/estimates.json
parse full csv flat/FindAllViaU64/flat parsing/native-sse2/sample.json
parse full csv flat/FindAllViaU64/flat parsing/native-sse2/tukey.json
parse full csv flat/FindAllViaU64/flat parsing/native-sse4/
parse full csv flat/FindAllViaU64/flat parsing/native-sse4/benchmark.json
parse full csv flat/FindAllViaU64/flat parsing/native-sse4/estimates.json
parse full csv flat/FindAllViaU64/flat parsing/native-sse4/sample.json
parse full csv flat/FindAllViaU64/flat parsing/native-sse4/tukey.json
parse full csv flat/FindAllViaU64/flat parsing/native/
parse full csv flat/FindAllViaU64/flat parsing/native/benchmark.json
parse full csv flat/FindAllViaU64/flat parsing/native/estimates.json
parse full csv flat/FindAllViaU64/flat parsing/native/sample.json
parse full csv flat/FindAllViaU64/flat parsing/native/tukey.json
parse full csv flat/FindAllViaU64/flat parsing/new/
parse full csv flat/FindAllViaU64/flat parsing/new/benchmark.json
parse full csv flat/FindAllViaU64/flat parsing/new/estimates.json
parse full csv flat/FindAllViaU64/flat parsing/new/sample.json
parse full csv flat/FindAllViaU64/flat parsing/new/tukey.json
parse full csv flat/flat parsing/
parse full csv nested/
parse full csv nested/FindAllIterating/
parse full csv nested/FindAllIterating/nested parsing/
parse full csv nested/FindAllIterating/nested parsing/default/
parse full csv nested/FindAllIterating/nested parsing/default/benchmark.json
parse full csv nested/FindAllIterating/nested parsing/default/estimates.json
parse full csv nested/FindAllIterating/nested parsing/default/sample.json
parse full csv nested/FindAllIterating/nested parsing/default/tukey.json
parse full csv nested/FindAllIterating/nested parsing/native-avx/
parse full csv nested/FindAllIterating/nested parsing/native-avx/benchmark.json
parse full csv nested/FindAllIterating/nested parsing/native-avx/estimates.json
parse full csv nested/FindAllIterating/nested parsing/native-avx/sample.json
parse full csv nested/FindAllIterating/nested parsing/native-avx/tukey.json
parse full csv nested/FindAllIterating/nested parsing/native-avx2/
parse full csv nested/FindAllIterating/nested parsing/native-avx2/benchmark.json
parse full csv nested/FindAllIterating/nested parsing/native-avx2/estimates.json
parse full csv nested/FindAllIterating/nested parsing/native-avx2/sample.json
parse full csv nested/FindAllIterating/nested parsing/native-avx2/tukey.json
parse full csv nested/FindAllIterating/nested parsing/native-sse2/
parse full csv nested/FindAllIterating/nested parsing/native-sse2/benchmark.json
parse full csv nested/FindAllIterating/nested parsing/native-sse2/estimates.json
parse full csv nested/FindAllIterating/nested parsing/native-sse2/sample.json
parse full csv nested/FindAllIterating/nested parsing/native-sse2/tukey.json
parse full csv nested/FindAllIterating/nested parsing/native-sse4/
parse full csv nested/FindAllIterating/nested parsing/native-sse4/benchmark.json
parse full csv nested/FindAllIterating/nested parsing/native-sse4/estimates.json
parse full csv nested/FindAllIterating/nested parsing/native-sse4/sample.json
parse full csv nested/FindAllIterating/nested parsing/native-sse4/tukey.json
parse full csv nested/FindAllIterating/nested parsing/native/
parse full csv nested/FindAllIterating/nested parsing/native/benchmark.json
parse full csv nested/FindAllIterating/nested parsing/native/estimates.json
parse full csv nested/FindAllIterating/nested parsing/native/sample.json
parse full csv nested/FindAllIterating/nested parsing/native/tukey.json
parse full csv nested/FindAllIterating/nested parsing/new/
parse full csv nested/FindAllIterating/nested parsing/new/benchmark.json
parse full csv nested/FindAllIterating/nested parsing/new/estimates.json
parse full csv nested/FindAllIterating/nested parsing/new/sample.json
parse full csv nested/FindAllIterating/nested parsing/new/tukey.json
parse full csv nested/FindAllMemchrCrate/
parse full csv nested/FindAllMemchrCrate/nested parsing/
parse full csv nested/FindAllMemchrCrate/nested parsing/default/
parse full csv nested/FindAllMemchrCrate/nested parsing/default/benchmark.json
parse full csv nested/FindAllMemchrCrate/nested parsing/default/estimates.json
parse full csv nested/FindAllMemchrCrate/nested parsing/default/sample.json
parse full csv nested/FindAllMemchrCrate/nested parsing/default/tukey.json
parse full csv nested/FindAllMemchrCrate/nested parsing/native-avx/
parse full csv nested/FindAllMemchrCrate/nested parsing/native-avx/benchmark.json
parse full csv nested/FindAllMemchrCrate/nested parsing/native-avx/estimates.json
parse full csv nested/FindAllMemchrCrate/nested parsing/native-avx/sample.json
parse full csv nested/FindAllMemchrCrate/nested parsing/native-avx/tukey.json
parse full csv nested/FindAllMemchrCrate/nested parsing/native-avx2/
parse full csv nested/FindAllMemchrCrate/nested parsing/native-avx2/benchmark.json
parse full csv nested/FindAllMemchrCrate/nested parsing/native-avx2/estimates.json
parse full csv nested/FindAllMemchrCrate/nested parsing/native-avx2/sample.json
parse full csv nested/FindAllMemchrCrate/nested parsing/native-avx2/tukey.json
parse full csv nested/FindAllMemchrCrate/nested parsing/native-sse2/
parse full csv nested/FindAllMemchrCrate/nested parsing/native-sse2/benchmark.json
parse full csv nested/FindAllMemchrCrate/nested parsing/native-sse2/estimates.json
parse full csv nested/FindAllMemchrCrate/nested parsing/native-sse2/sample.json
parse full csv nested/FindAllMemchrCrate/nested parsing/native-sse2/tukey.json
parse full csv nested/FindAllMemchrCrate/nested parsing/native-sse4/
parse full csv nested/FindAllMemchrCrate/nested parsing/native-sse4/benchmark.json
parse full csv nested/FindAllMemchrCrate/nested parsing/native-sse4/estimates.json
parse full csv nested/FindAllMemchrCrate/nested parsing/native-sse4/sample.json
parse full csv nested/FindAllMemchrCrate/nested parsing/native-sse4/tukey.json
parse full csv nested/FindAllMemchrCrate/nested parsing/native/
parse full csv nested/FindAllMemchrCrate/nested parsing/native/benchmark.json
parse full csv nested/FindAllMemchrCrate/nested parsing/native/estimates.json
parse full csv nested/FindAllMemchrCrate/nested parsing/native/sample.json
parse full csv nested/FindAllMemchrCrate/nested parsing/native/tukey.json
parse full csv nested/FindAllMemchrCrate/nested parsing/new/
parse full csv nested/FindAllMemchrCrate/nested parsing/new/benchmark.json
parse full csv nested/FindAllMemchrCrate/nested parsing/new/estimates.json
parse full csv nested/FindAllMemchrCrate/nested parsing/new/sample.json
parse full csv nested/FindAllMemchrCrate/nested parsing/new/tukey.json
parse full csv nested/FindAllViaSimd16/
parse full csv nested/FindAllViaSimd16/nested parsing/
parse full csv nested/FindAllViaSimd16/nested parsing/default/
parse full csv nested/FindAllViaSimd16/nested parsing/default/benchmark.json
parse full csv nested/FindAllViaSimd16/nested parsing/default/estimates.json
parse full csv nested/FindAllViaSimd16/nested parsing/default/sample.json
parse full csv nested/FindAllViaSimd16/nested parsing/default/tukey.json
parse full csv nested/FindAllViaSimd16/nested parsing/native-avx/
parse full csv nested/FindAllViaSimd16/nested parsing/native-avx/benchmark.json
parse full csv nested/FindAllViaSimd16/nested parsing/native-avx/estimates.json
parse full csv nested/FindAllViaSimd16/nested parsing/native-avx/sample.json
parse full csv nested/FindAllViaSimd16/nested parsing/native-avx/tukey.json
parse full csv nested/FindAllViaSimd16/nested parsing/native-avx2/
parse full csv nested/FindAllViaSimd16/nested parsing/native-avx2/benchmark.json
parse full csv nested/FindAllViaSimd16/nested parsing/native-avx2/estimates.json
parse full csv nested/FindAllViaSimd16/nested parsing/native-avx2/sample.json
parse full csv nested/FindAllViaSimd16/nested parsing/native-avx2/tukey.json
parse full csv nested/FindAllViaSimd16/nested parsing/native-sse2/
parse full csv nested/FindAllViaSimd16/nested parsing/native-sse2/benchmark.json
parse full csv nested/FindAllViaSimd16/nested parsing/native-sse2/estimates.json
parse full csv nested/FindAllViaSimd16/nested parsing/native-sse2/sample.json
parse full csv nested/FindAllViaSimd16/nested parsing/native-sse2/tukey.json
parse full csv nested/FindAllViaSimd16/nested parsing/native-sse4/
parse full csv nested/FindAllViaSimd16/nested parsing/native-sse4/benchmark.json
parse full csv nested/FindAllViaSimd16/nested parsing/native-sse4/estimates.json
parse full csv nested/FindAllViaSimd16/nested parsing/native-sse4/sample.json
parse full csv nested/FindAllViaSimd16/nested parsing/native-sse4/tukey.json
parse full csv nested/FindAllViaSimd16/nested parsing/native/
parse full csv nested/FindAllViaSimd16/nested parsing/native/benchmark.json
parse full csv nested/FindAllViaSimd16/nested parsing/native/estimates.json
parse full csv nested/FindAllViaSimd16/nested parsing/native/sample.json
parse full csv nested/FindAllViaSimd16/nested parsing/native/tukey.json
parse full csv nested/FindAllViaSimd16/nested parsing/new/
parse full csv nested/FindAllViaSimd16/nested parsing/new/benchmark.json
parse full csv nested/FindAllViaSimd16/nested parsing/new/estimates.json
parse full csv nested/FindAllViaSimd16/nested parsing/new/sample.json
parse full csv nested/FindAllViaSimd16/nested parsing/new/tukey.json
parse full csv nested/FindAllViaSimd32/
parse full csv nested/FindAllViaSimd32/nested parsing/
parse full csv nested/FindAllViaSimd32/nested parsing/default/
parse full csv nested/FindAllViaSimd32/nested parsing/default/benchmark.json
parse full csv nested/FindAllViaSimd32/nested parsing/default/estimates.json
parse full csv nested/FindAllViaSimd32/nested parsing/default/sample.json
parse full csv nested/FindAllViaSimd32/nested parsing/default/tukey.json
parse full csv nested/FindAllViaSimd32/nested parsing/native-avx/
parse full csv nested/FindAllViaSimd32/nested parsing/native-avx/benchmark.json
parse full csv nested/FindAllViaSimd32/nested parsing/native-avx/estimates.json
parse full csv nested/FindAllViaSimd32/nested parsing/native-avx/sample.json
parse full csv nested/FindAllViaSimd32/nested parsing/native-avx/tukey.json
parse full csv nested/FindAllViaSimd32/nested parsing/native-avx2/
parse full csv nested/FindAllViaSimd32/nested parsing/native-avx2/benchmark.json
parse full csv nested/FindAllViaSimd32/nested parsing/native-avx2/estimates.json
parse full csv nested/FindAllViaSimd32/nested parsing/native-avx2/sample.json
parse full csv nested/FindAllViaSimd32/nested parsing/native-avx2/tukey.json
parse full csv nested/FindAllViaSimd32/nested parsing/native-sse2/
parse full csv nested/FindAllViaSimd32/nested parsing/native-sse2/benchmark.json
parse full csv nested/FindAllViaSimd32/nested parsing/native-sse2/estimates.json
parse full csv nested/FindAllViaSimd32/nested parsing/native-sse2/sample.json
parse full csv nested/FindAllViaSimd32/nested parsing/native-sse2/tukey.json
parse full csv nested/FindAllViaSimd32/nested parsing/native-sse4/
parse full csv nested/FindAllViaSimd32/nested parsing/native-sse4/benchmark.json
parse full csv nested/FindAllViaSimd32/nested parsing/native-sse4/estimates.json
parse full csv nested/FindAllViaSimd32/nested parsing/native-sse4/sample.json
parse full csv nested/FindAllViaSimd32/nested parsing/native-sse4/tukey.json
parse full csv nested/FindAllViaSimd32/nested parsing/native/
parse full csv nested/FindAllViaSimd32/nested parsing/native/benchmark.json
parse full csv nested/FindAllViaSimd32/nested parsing/native/estimates.json
parse full csv nested/FindAllViaSimd32/nested parsing/native/sample.json
parse full csv nested/FindAllViaSimd32/nested parsing/native/tukey.json
parse full csv nested/FindAllViaSimd32/nested parsing/new/
parse full csv nested/FindAllViaSimd32/nested parsing/new/benchmark.json
parse full csv nested/FindAllViaSimd32/nested parsing/new/estimates.json
parse full csv nested/FindAllViaSimd32/nested parsing/new/sample.json
parse full csv nested/FindAllViaSimd32/nested parsing/new/tukey.json
parse full csv nested/FindAllViaSimd64/
parse full csv nested/FindAllViaSimd64/nested parsing/
parse full csv nested/FindAllViaSimd64/nested parsing/default/
parse full csv nested/FindAllViaSimd64/nested parsing/default/benchmark.json
parse full csv nested/FindAllViaSimd64/nested parsing/default/estimates.json
parse full csv nested/FindAllViaSimd64/nested parsing/default/sample.json
parse full csv nested/FindAllViaSimd64/nested parsing/default/tukey.json
parse full csv nested/FindAllViaSimd64/nested parsing/native-avx/
parse full csv nested/FindAllViaSimd64/nested parsing/native-avx/benchmark.json
parse full csv nested/FindAllViaSimd64/nested parsing/native-avx/estimates.json
parse full csv nested/FindAllViaSimd64/nested parsing/native-avx/sample.json
parse full csv nested/FindAllViaSimd64/nested parsing/native-avx/tukey.json
parse full csv nested/FindAllViaSimd64/nested parsing/native-avx2/
parse full csv nested/FindAllViaSimd64/nested parsing/native-avx2/benchmark.json
parse full csv nested/FindAllViaSimd64/nested parsing/native-avx2/estimates.json
parse full csv nested/FindAllViaSimd64/nested parsing/native-avx2/sample.json
parse full csv nested/FindAllViaSimd64/nested parsing/native-avx2/tukey.json
parse full csv nested/FindAllViaSimd64/nested parsing/native-sse2/
parse full csv nested/FindAllViaSimd64/nested parsing/native-sse2/benchmark.json
parse full csv nested/FindAllViaSimd64/nested parsing/native-sse2/estimates.json
parse full csv nested/FindAllViaSimd64/nested parsing/native-sse2/sample.json
parse full csv nested/FindAllViaSimd64/nested parsing/native-sse2/tukey.json
parse full csv nested/FindAllViaSimd64/nested parsing/native-sse4/
parse full csv nested/FindAllViaSimd64/nested parsing/native-sse4/benchmark.json
parse full csv nested/FindAllViaSimd64/nested parsing/native-sse4/estimates.json
parse full csv nested/FindAllViaSimd64/nested parsing/native-sse4/sample.json
parse full csv nested/FindAllViaSimd64/nested parsing/native-sse4/tukey.json
parse full csv nested/FindAllViaSimd64/nested parsing/native/
parse full csv nested/FindAllViaSimd64/nested parsing/native/benchmark.json
parse full csv nested/FindAllViaSimd64/nested parsing/native/estimates.json
parse full csv nested/FindAllViaSimd64/nested parsing/native/sample.json
parse full csv nested/FindAllViaSimd64/nested parsing/native/tukey.json
parse full csv nested/FindAllViaSimd64/nested parsing/new/
parse full csv nested/FindAllViaSimd64/nested parsing/new/benchmark.json
parse full csv nested/FindAllViaSimd64/nested parsing/new/estimates.json
parse full csv nested/FindAllViaSimd64/nested parsing/new/sample.json
parse full csv nested/FindAllViaSimd64/nested parsing/new/tukey.json
parse full csv nested/FindAllViaU16/
parse full csv nested/FindAllViaU16/nested parsing/
parse full csv nested/FindAllViaU16/nested parsing/default/
parse full csv nested/FindAllViaU16/nested parsing/default/benchmark.json
parse full csv nested/FindAllViaU16/nested parsing/default/estimates.json
parse full csv nested/FindAllViaU16/nested parsing/default/sample.json
parse full csv nested/FindAllViaU16/nested parsing/default/tukey.json
parse full csv nested/FindAllViaU16/nested parsing/native-avx/
parse full csv nested/FindAllViaU16/nested parsing/native-avx/benchmark.json
parse full csv nested/FindAllViaU16/nested parsing/native-avx/estimates.json
parse full csv nested/FindAllViaU16/nested parsing/native-avx/sample.json
parse full csv nested/FindAllViaU16/nested parsing/native-avx/tukey.json
parse full csv nested/FindAllViaU16/nested parsing/native-avx2/
parse full csv nested/FindAllViaU16/nested parsing/native-avx2/benchmark.json
parse full csv nested/FindAllViaU16/nested parsing/native-avx2/estimates.json
parse full csv nested/FindAllViaU16/nested parsing/native-avx2/sample.json
parse full csv nested/FindAllViaU16/nested parsing/native-avx2/tukey.json
parse full csv nested/FindAllViaU16/nested parsing/native-sse2/
parse full csv nested/FindAllViaU16/nested parsing/native-sse2/benchmark.json
parse full csv nested/FindAllViaU16/nested parsing/native-sse2/estimates.json
parse full csv nested/FindAllViaU16/nested parsing/native-sse2/sample.json
parse full csv nested/FindAllViaU16/nested parsing/native-sse2/tukey.json
parse full csv nested/FindAllViaU16/nested parsing/native-sse4/
parse full csv nested/FindAllViaU16/nested parsing/native-sse4/benchmark.json
parse full csv nested/FindAllViaU16/nested parsing/native-sse4/estimates.json
parse full csv nested/FindAllViaU16/nested parsing/native-sse4/sample.json
parse full csv nested/FindAllViaU16/nested parsing/native-sse4/tukey.json
parse full csv nested/FindAllViaU16/nested parsing/native/
parse full csv nested/FindAllViaU16/nested parsing/native/benchmark.json
parse full csv nested/FindAllViaU16/nested parsing/native/estimates.json
parse full csv nested/FindAllViaU16/nested parsing/native/sample.json
parse full csv nested/FindAllViaU16/nested parsing/native/tukey.json
parse full csv nested/FindAllViaU16/nested parsing/new/
parse full csv nested/FindAllViaU16/nested parsing/new/benchmark.json
parse full csv nested/FindAllViaU16/nested parsing/new/estimates.json
parse full csv nested/FindAllViaU16/nested parsing/new/sample.json
parse full csv nested/FindAllViaU16/nested parsing/new/tukey.json
parse full csv nested/FindAllViaU32/
parse full csv nested/FindAllViaU32/nested parsing/
parse full csv nested/FindAllViaU32/nested parsing/default/
parse full csv nested/FindAllViaU32/nested parsing/default/benchmark.json
parse full csv nested/FindAllViaU32/nested parsing/default/estimates.json
parse full csv nested/FindAllViaU32/nested parsing/default/sample.json
parse full csv nested/FindAllViaU32/nested parsing/default/tukey.json
parse full csv nested/FindAllViaU32/nested parsing/native-avx/
parse full csv nested/FindAllViaU32/nested parsing/native-avx/benchmark.json
parse full csv nested/FindAllViaU32/nested parsing/native-avx/estimates.json
parse full csv nested/FindAllViaU32/nested parsing/native-avx/sample.json
parse full csv nested/FindAllViaU32/nested parsing/native-avx/tukey.json
parse full csv nested/FindAllViaU32/nested parsing/native-avx2/
parse full csv nested/FindAllViaU32/nested parsing/native-avx2/benchmark.json
parse full csv nested/FindAllViaU32/nested parsing/native-avx2/estimates.json
parse full csv nested/FindAllViaU32/nested parsing/native-avx2/sample.json
parse full csv nested/FindAllViaU32/nested parsing/native-avx2/tukey.json
parse full csv nested/FindAllViaU32/nested parsing/native-sse2/
parse full csv nested/FindAllViaU32/nested parsing/native-sse2/benchmark.json
parse full csv nested/FindAllViaU32/nested parsing/native-sse2/estimates.json
parse full csv nested/FindAllViaU32/nested parsing/native-sse2/sample.json
parse full csv nested/FindAllViaU32/nested parsing/native-sse2/tukey.json
parse full csv nested/FindAllViaU32/nested parsing/native-sse4/
parse full csv nested/FindAllViaU32/nested parsing/native-sse4/benchmark.json
parse full csv nested/FindAllViaU32/nested parsing/native-sse4/estimates.json
parse full csv nested/FindAllViaU32/nested parsing/native-sse4/sample.json
parse full csv nested/FindAllViaU32/nested parsing/native-sse4/tukey.json
parse full csv nested/FindAllViaU32/nested parsing/native/
parse full csv nested/FindAllViaU32/nested parsing/native/benchmark.json
parse full csv nested/FindAllViaU32/nested parsing/native/estimates.json
parse full csv nested/FindAllViaU32/nested parsing/native/sample.json
parse full csv nested/FindAllViaU32/nested parsing/native/tukey.json
parse full csv nested/FindAllViaU32/nested parsing/new/
parse full csv nested/FindAllViaU32/nested parsing/new/benchmark.json
parse full csv nested/FindAllViaU32/nested parsing/new/estimates.json
parse full csv nested/FindAllViaU32/nested parsing/new/sample.json
parse full csv nested/FindAllViaU32/nested parsing/new/tukey.json
parse full csv nested/FindAllViaU64/
parse full csv nested/FindAllViaU64/nested parsing/
parse full csv nested/FindAllViaU64/nested parsing/default/
parse full csv nested/FindAllViaU64/nested parsing/default/benchmark.json
parse full csv nested/FindAllViaU64/nested parsing/default/estimates.json
parse full csv nested/FindAllViaU64/nested parsing/default/sample.json
parse full csv nested/FindAllViaU64/nested parsing/default/tukey.json
parse full csv nested/FindAllViaU64/nested parsing/native-avx/
parse full csv nested/FindAllViaU64/nested parsing/native-avx/benchmark.json
parse full csv nested/FindAllViaU64/nested parsing/native-avx/estimates.json
parse full csv nested/FindAllViaU64/nested parsing/native-avx/sample.json
parse full csv nested/FindAllViaU64/nested parsing/native-avx/tukey.json
parse full csv nested/FindAllViaU64/nested parsing/native-avx2/
parse full csv nested/FindAllViaU64/nested parsing/native-avx2/benchmark.json
parse full csv nested/FindAllViaU64/nested parsing/native-avx2/estimates.json
parse full csv nested/FindAllViaU64/nested parsing/native-avx2/sample.json
parse full csv nested/FindAllViaU64/nested parsing/native-avx2/tukey.json
parse full csv nested/FindAllViaU64/nested parsing/native-sse2/
parse full csv nested/FindAllViaU64/nested parsing/native-sse2/benchmark.json
parse full csv nested/FindAllViaU64/nested parsing/native-sse2/estimates.json
parse full csv nested/FindAllViaU64/nested parsing/native-sse2/sample.json
parse full csv nested/FindAllViaU64/nested parsing/native-sse2/tukey.json
parse full csv nested/FindAllViaU64/nested parsing/native-sse4/
parse full csv nested/FindAllViaU64/nested parsing/native-sse4/benchmark.json
parse full csv nested/FindAllViaU64/nested parsing/native-sse4/estimates.json
parse full csv nested/FindAllViaU64/nested parsing/native-sse4/sample.json
parse full csv nested/FindAllViaU64/nested parsing/native-sse4/tukey.json
parse full csv nested/FindAllViaU64/nested parsing/native/
parse full csv nested/FindAllViaU64/nested parsing/native/benchmark.json
parse full csv nested/FindAllViaU64/nested parsing/native/estimates.json
parse full csv nested/FindAllViaU64/nested parsing/native/sample.json
parse full csv nested/FindAllViaU64/nested parsing/native/tukey.json
parse full csv nested/FindAllViaU64/nested parsing/new/
parse full csv nested/FindAllViaU64/nested parsing/new/benchmark.json
parse full csv nested/FindAllViaU64/nested parsing/new/estimates.json
parse full csv nested/FindAllViaU64/nested parsing/new/sample.json
parse full csv nested/FindAllViaU64/nested parsing/new/tukey.json
parse full csv nested/nested parsing/
report/
report/index.html

sent 1,507,223 bytes  received 38,311 bytes  3,091,068.00 bytes/sec
total size is 1,358,589  speedup is 0.88
[0;32m[SUCCESS][0m Criterion results copied (excluding reports): 9.7M (was 35M)
[0;34m[INFO][0m Found benchmark results for default - generating focused assembly
[0;34m[INFO][0m Generating focused assembly for target default...
[0;32m[SUCCESS][0m Focused assembly extraction completed for default
[0;32m[SUCCESS][0m Assembly extraction completed for default
[0;34m[INFO][0m Found benchmark results for native - generating focused assembly
[0;34m[INFO][0m Generating focused assembly for target native...
[0;32m[SUCCESS][0m Focused assembly extraction completed for native
[0;32m[SUCCESS][0m Assembly extraction completed for native
[0;34m[INFO][0m Found benchmark results for native-sse2 - generating focused assembly
[0;34m[INFO][0m Generating focused assembly for target native-sse2...
[0;32m[SUCCESS][0m Focused assembly extraction completed for native-sse2
[0;32m[SUCCESS][0m Assembly extraction completed for native-sse2
[0;34m[INFO][0m Found benchmark results for native-sse4 - generating focused assembly
[0;34m[INFO][0m Generating focused assembly for target native-sse4...
[0;32m[SUCCESS][0m Focused assembly extraction completed for native-sse4
[0;32m[SUCCESS][0m Assembly extraction completed for native-sse4
[0;34m[INFO][0m Found benchmark results for native-avx - generating focused assembly
[0;34m[INFO][0m Generating focused assembly for target native-avx...
[0;32m[SUCCESS][0m Focused assembly extraction completed for native-avx
[0;32m[SUCCESS][0m Assembly extraction completed for native-avx
[0;34m[INFO][0m Found benchmark results for native-avx2 - generating focused assembly
[0;34m[INFO][0m Generating focused assembly for target native-avx2...
[0;32m[SUCCESS][0m Focused assembly extraction completed for native-avx2
[0;32m[SUCCESS][0m Assembly extraction completed for native-avx2
[0;34m[INFO][0m Found benchmark results for native-avx512 - generating focused assembly
[0;34m[INFO][0m Generating focused assembly for target native-avx512...
[0;32m[SUCCESS][0m Focused assembly extraction completed for native-avx512
[0;32m[SUCCESS][0m Assembly extraction completed for native-avx512
[0;34m[INFO][0m Updating index...
[0;32m[SUCCESS][0m Comprehensive benchmark data collection completed!
[0;34m[INFO][0m Results stored in: results/runs/taiwaif_f4f39234_1_92_0_nightly
