{"mean":{"confidence_interval":{"confidence_level":0.95,"lower_bound":0.5735968969166743,"upper_bound":0.595076488314461},"point_estimate":0.5843795248362185,"standard_error":0.005462729177507004},"median":{"confidence_interval":{"confidence_level":0.95,"lower_bound":0.5837307298472088,"upper_bound":0.6004142110628095},"point_estimate":0.5922296025119069,"standard_error":0.004803195362553865}}