{"mean":{"confidence_interval":{"confidence_level":0.95,"lower_bound":0.5302218580318689,"upper_bound":0.5424757134386101},"point_estimate":0.5362305821878375,"standard_error":0.003084793868541754},"median":{"confidence_interval":{"confidence_level":0.95,"lower_bound":0.5324036250567847,"upper_bound":0.5376118762242577},"point_estimate":0.5358958906662747,"standard_error":0.0015884500933227314}}