{"mean":{"confidence_interval":{"confidence_level":0.95,"lower_bound":0.024782474965268322,"upper_bound":0.051201016940002925},"point_estimate":0.038149698918636066,"standard_error":0.006907673255410949},"median":{"confidence_interval":{"confidence_level":0.95,"lower_bound":0.01639553397357374,"upper_bound":0.03920255891990232},"point_estimate":0.029630175238764656,"standard_error":0.0049801747382764786}}