{"mean":{"confidence_interval":{"confidence_level":0.95,"lower_bound":-0.6430076504351603,"upper_bound":-0.631936837566954},"point_estimate":-0.6376556387613703,"standard_error":0.002837859119924454},"median":{"confidence_interval":{"confidence_level":0.95,"lower_bound":-0.6420534021271711,"upper_bound":-0.6272444946599287},"point_estimate":-0.6360003646803654,"standard_error":0.0036795460279932988}}