{"mean":{"confidence_interval":{"confidence_level":0.95,"lower_bound":-0.11843371463029177,"upper_bound":-0.037639698178193216},"point_estimate":-0.07854383190828385,"standard_error":0.020695538514271868},"median":{"confidence_interval":{"confidence_level":0.95,"lower_bound":0.03352934423281855,"upper_bound":0.06417186437803962},"point_estimate":0.044077591033336194,"standard_error":0.008619792313520383}}