{"mean":{"confidence_interval":{"confidence_level":0.95,"lower_bound":-0.020472108024666667,"upper_bound":0.005290932280289026},"point_estimate":-0.007463884048844682,"standard_error":0.006555068469803173},"median":{"confidence_interval":{"confidence_level":0.95,"lower_bound":-0.004120265361091446,"upper_bound":0.015300799930113795},"point_estimate":0.007763215549482894,"standard_error":0.0049394220906226385}}