{"mean":{"confidence_interval":{"confidence_level":0.95,"lower_bound":6004029.524166663,"upper_bound":6133443.18541667},"point_estimate":6059795.694583332,"standard_error":33330.63437518465},"median":{"confidence_interval":{"confidence_level":0.95,"lower_bound":5967478.208333334,"upper_bound":5988500.75},"point_estimate":5977028.291666667,"standard_error":5779.5333693938765},"median_abs_dev":{"confidence_interval":{"confidence_level":0.95,"lower_bound":25931.847264617452,"upper_bound":49683.74748043762},"point_estimate":34215.65840505087,"standard_error":6561.6367917881835},"slope":null,"std_dev":{"confidence_interval":{"confidence_level":0.95,"lower_bound":106774.18683737933,"upper_bound":505681.96794111235},"point_estimate":333954.027529474,"standard_error":102792.73542502474}}