{"mean":{"confidence_interval":{"confidence_level":0.95,"lower_bound":-0.15737793354413912,"upper_bound":-0.13866978081698592},"point_estimate":-0.14934607619341667,"standard_error":0.004815289052175005},"median":{"confidence_interval":{"confidence_level":0.95,"lower_bound":-0.15575444434258662,"upper_bound":-0.1455357637783301},"point_estimate":-0.14951888420264037,"standard_error":0.002542067695072713}}