{"mean":{"confidence_interval":{"confidence_level":0.95,"lower_bound":0.5108302832099919,"upper_bound":0.5496171539332247},"point_estimate":0.530428288690636,"standard_error":0.009897180894209769},"median":{"confidence_interval":{"confidence_level":0.95,"lower_bound":0.5382468754270688,"upper_bound":0.5476180342024057},"point_estimate":0.5436038774061764,"standard_error":0.0024384311683599887}}