{"mean":{"confidence_interval":{"confidence_level":0.95,"lower_bound":1955339.4275484134,"upper_bound":1972775.312386107},"point_estimate":1963977.8552288597,"standard_error":4459.394288781189},"median":{"confidence_interval":{"confidence_level":0.95,"lower_bound":1948802.5555555555,"upper_bound":1974683.5654761905},"point_estimate":1961385.1774725276,"standard_error":6031.790409910109},"median_abs_dev":{"confidence_interval":{"confidence_level":0.95,"lower_bound":41565.73196881609,"upper_bound":69265.16808349338},"point_estimate":55904.846558387806,"standard_error":6978.648890414408},"slope":{"confidence_interval":{"confidence_level":0.95,"lower_bound":1930404.998875662,"upper_bound":1948343.3873824303},"point_estimate":1938403.312742722,"standard_error":4576.59571253019},"std_dev":{"confidence_interval":{"confidence_level":0.95,"lower_bound":39252.41230099286,"upper_bound":49484.94461315772},"point_estimate":44721.722394403885,"standard_error":2613.793921278253}}