{"mean":{"confidence_interval":{"confidence_level":0.95,"lower_bound":-0.3595710070942106,"upper_bound":-0.3488060692832861},"point_estimate":-0.35429899270770504,"standard_error":0.00272907335161246},"median":{"confidence_interval":{"confidence_level":0.95,"lower_bound":-0.3587112988206004,"upper_bound":-0.353840813846378},"point_estimate":-0.356665455085024,"standard_error":0.0013334910204306067}}