{"mean":{"confidence_interval":{"confidence_level":0.95,"lower_bound":6404842.539880435,"upper_bound":6569682.0680869585},"point_estimate":6482562.990869564,"standard_error":42124.164097119705},"median":{"confidence_interval":{"confidence_level":0.95,"lower_bound":6286628.608695652,"upper_bound":6395193.021739131},"point_estimate":6328654.608695652,"standard_error":25447.095383278644},"median_abs_dev":{"confidence_interval":{"confidence_level":0.95,"lower_bound":142522.72223493358,"upper_bound":271288.1737010633},"point_estimate":195435.26492598286,"standard_error":32720.772550757833},"slope":null,"std_dev":{"confidence_interval":{"confidence_level":0.95,"lower_bound":302950.4993622513,"upper_bound":537200.7456983061},"point_estimate":424505.55235922284,"standard_error":60124.00726999546}}