{"mean":{"confidence_interval":{"confidence_level":0.95,"lower_bound":0.28895736358481905,"upper_bound":0.3053967953383648},"point_estimate":0.2976103474017684,"standard_error":0.004196198298799458},"median":{"confidence_interval":{"confidence_level":0.95,"lower_bound":0.30896616765624396,"upper_bound":0.31464974590768646},"point_estimate":0.3123138067333149,"standard_error":0.0013452438607832954}}