{"mean":{"confidence_interval":{"confidence_level":0.95,"lower_bound":-0.016661926476914224,"upper_bound":0.010720857997981158},"point_estimate":-0.0031058209375394163,"standard_error":0.006948011033216398},"median":{"confidence_interval":{"confidence_level":0.95,"lower_bound":-0.012478407998863128,"upper_bound":0.005297783673791301},"point_estimate":-0.0016933183623428771,"standard_error":0.00420861729503677}}