{"mean":{"confidence_interval":{"confidence_level":0.95,"lower_bound":25147.358026766047,"upper_bound":25294.97804646684},"point_estimate":25215.174022168787,"standard_error":37.38788813441168},"median":{"confidence_interval":{"confidence_level":0.95,"lower_bound":25121.521367521367,"upper_bound":25226.76914355486},"point_estimate":25172.2805657116,"standard_error":29.849158964229357},"median_abs_dev":{"confidence_interval":{"confidence_level":0.95,"lower_bound":161.1841753555437,"upper_bound":262.94659336879374},"point_estimate":213.0656760031872,"standard_error":24.78777948527765},"slope":{"confidence_interval":{"confidence_level":0.95,"lower_bound":25150.378627091424,"upper_bound":25232.943764568612},"point_estimate":25191.140368530538,"standard_error":21.055582899746458},"std_dev":{"confidence_interval":{"confidence_level":0.95,"lower_bound":225.5746790649765,"upper_bound":526.1123213569318},"point_estimate":376.77245998490383,"standard_error":78.24960726738183}}