{"mean":{"confidence_interval":{"confidence_level":0.95,"lower_bound":0.848272701602959,"upper_bound":0.8755699549148741},"point_estimate":0.8633994530751934,"standard_error":0.00699438208856832},"median":{"confidence_interval":{"confidence_level":0.95,"lower_bound":0.8661047913985822,"upper_bound":0.8786332368491114},"point_estimate":0.8717336740265362,"standard_error":0.003578534378884727}}