{"mean":{"confidence_interval":{"confidence_level":0.95,"lower_bound":0.009295859010885915,"upper_bound":0.024415418751278797},"point_estimate":0.017062172057164204,"standard_error":0.003869831458985174},"median":{"confidence_interval":{"confidence_level":0.95,"lower_bound":0.02430761664236658,"upper_bound":0.03668925625962682},"point_estimate":0.030580085382971856,"standard_error":0.0032356850836859456}}