{"mean":{"confidence_interval":{"confidence_level":0.95,"lower_bound":0.030472194183068714,"upper_bound":0.055832340303090325},"point_estimate":0.041354291771485086,"standard_error":0.006297542931042836},"median":{"confidence_interval":{"confidence_level":0.95,"lower_bound":0.01981905538632711,"upper_bound":0.03095333818361312},"point_estimate":0.02518416223402653,"standard_error":0.0030878811458747695}}