{"mean":{"confidence_interval":{"confidence_level":0.95,"lower_bound":-0.17404779261076916,"upper_bound":-0.16219716606776005},"point_estimate":-0.16788087242556615,"standard_error":0.0030272394502689937},"median":{"confidence_interval":{"confidence_level":0.95,"lower_bound":-0.16240617320115536,"upper_bound":-0.15679748936333493},"point_estimate":-0.15930964959907556,"standard_error":0.0015512412874768451}}