{"mean":{"confidence_interval":{"confidence_level":0.95,"lower_bound":-0.3886356177094331,"upper_bound":-0.3661688386065531},"point_estimate":-0.3779712845659956,"standard_error":0.00559421337762127},"median":{"confidence_interval":{"confidence_level":0.95,"lower_bound":-0.3898131323774491,"upper_bound":-0.3660327661813284},"point_estimate":-0.37365953110964434,"standard_error":0.0075197022322259915}}