{"mean":{"confidence_interval":{"confidence_level":0.95,"lower_bound":2174946.446090987,"upper_bound":2194956.703817299},"point_estimate":2184491.2992810667,"standard_error":5118.810622871656},"median":{"confidence_interval":{"confidence_level":0.95,"lower_bound":2162379.354011194,"upper_bound":2178026.7908163266},"point_estimate":2169489.5436081244,"standard_error":4126.860709835915},"median_abs_dev":{"confidence_interval":{"confidence_level":0.95,"lower_bound":21013.160795691525,"upper_bound":36480.8409241472},"point_estimate":31315.590325219826,"standard_error":4116.595997549183},"slope":{"confidence_interval":{"confidence_level":0.95,"lower_bound":2175524.44840697,"upper_bound":2203255.205494953},"point_estimate":2188551.821408305,"standard_error":7097.078124278031},"std_dev":{"confidence_interval":{"confidence_level":0.95,"lower_bound":38069.921398462815,"upper_bound":63269.91914307778},"point_estimate":51324.876437027655,"standard_error":6469.5690088779465}}