{"mean":{"confidence_interval":{"confidence_level":0.95,"lower_bound":-0.0022458837898745405,"upper_bound":0.009125649208328278},"point_estimate":0.003587532849141928,"standard_error":0.0028933978628446046},"median":{"confidence_interval":{"confidence_level":0.95,"lower_bound":0.004779492466850499,"upper_bound":0.012161666649987128},"point_estimate":0.009607894622156055,"standard_error":0.001798903600300151}}