{"mean":{"confidence_interval":{"confidence_level":0.95,"lower_bound":43589.222343518115,"upper_bound":44403.07193795354},"point_estimate":43947.45490952585,"standard_error":209.14947468132866},"median":{"confidence_interval":{"confidence_level":0.95,"lower_bound":43105.0287433155,"upper_bound":43459.45009803922},"point_estimate":43254.07614942529,"standard_error":94.29007312426108},"median_abs_dev":{"confidence_interval":{"confidence_level":0.95,"lower_bound":466.2203621533521,"upper_bound":980.3620030351776},"point_estimate":682.2198406160369,"standard_error":134.40886848012144},"slope":{"confidence_interval":{"confidence_level":0.95,"lower_bound":43999.8781159382,"upper_bound":45109.771426940526},"point_estimate":44477.77202218378,"standard_error":286.9923863358005},"std_dev":{"confidence_interval":{"confidence_level":0.95,"lower_bound":1069.3163175659397,"upper_bound":3128.5490796554864},"point_estimate":2103.416568530413,"standard_error":590.4336141729183}}