{"mean":{"confidence_interval":{"confidence_level":0.95,"lower_bound":0.010897564327559912,"upper_bound":0.022756844097124595},"point_estimate":0.0171479430716186,"standard_error":0.003025805812370607},"median":{"confidence_interval":{"confidence_level":0.95,"lower_bound":0.014733914120094838,"upper_bound":0.018950502223197274},"point_estimate":0.01703698073629223,"standard_error":0.0011210763895765127}}