{"mean":{"confidence_interval":{"confidence_level":0.95,"lower_bound":-0.5744034652849546,"upper_bound":-0.56738287381909},"point_estimate":-0.5709180349979108,"standard_error":0.0017674823617908682},"median":{"confidence_interval":{"confidence_level":0.95,"lower_bound":-0.5759411841201323,"upper_bound":-0.5714262798253027},"point_estimate":-0.5739054434830748,"standard_error":0.0011124486049207854}}