{"mean":{"confidence_interval":{"confidence_level":0.95,"lower_bound":-0.011123055361724183,"upper_bound":0.005764786702875596},"point_estimate":-0.0025361017383310758,"standard_error":0.004285451186227405},"median":{"confidence_interval":{"confidence_level":0.95,"lower_bound":0.0035257444390259796,"upper_bound":0.00849781295721308},"point_estimate":0.005356643637361103,"standard_error":0.0012944657219676073}}