{"mean":{"confidence_interval":{"confidence_level":0.95,"lower_bound":-0.20903372099744924,"upper_bound":-0.1993645233986179},"point_estimate":-0.20427337649118193,"standard_error":0.0024496384224437693},"median":{"confidence_interval":{"confidence_level":0.95,"lower_bound":-0.20701727052375773,"upper_bound":-0.2038669596003876},"point_estimate":-0.20576842216311764,"standard_error":0.0007716835859524267}}