{"mean":{"confidence_interval":{"confidence_level":0.95,"lower_bound":0.0008593865225353231,"upper_bound":0.020427986939830278},"point_estimate":0.011269862193541869,"standard_error":0.005010805588524554},"median":{"confidence_interval":{"confidence_level":0.95,"lower_bound":0.01863221252022762,"upper_bound":0.026041015407727103},"point_estimate":0.022746113332427598,"standard_error":0.001769296812744958}}