{"mean":{"confidence_interval":{"confidence_level":0.95,"lower_bound":0.7513184323450128,"upper_bound":0.7645244155646578},"point_estimate":0.7583746717188311,"standard_error":0.003357190224136303},"median":{"confidence_interval":{"confidence_level":0.95,"lower_bound":0.7559714715390202,"upper_bound":0.7632989541880495},"point_estimate":0.7583466840892641,"standard_error":0.001870650506880884}}