{"mean":{"confidence_interval":{"confidence_level":0.95,"lower_bound":499922.5423034526,"upper_bound":503292.0659807047},"point_estimate":501544.5623581414,"standard_error":859.6273890373749},"median":{"confidence_interval":{"confidence_level":0.95,"lower_bound":496354.478909465,"upper_bound":499557.92},"point_estimate":497129.3792989418,"standard_error":883.7009596816184},"median_abs_dev":{"confidence_interval":{"confidence_level":0.95,"lower_bound":1913.7651692066493,"upper_bound":6185.595907691869},"point_estimate":3423.5883539691445,"standard_error":1148.4789026622057},"slope":{"confidence_interval":{"confidence_level":0.95,"lower_bound":500038.9515526205,"upper_bound":503431.61302385444},"point_estimate":501625.62859760603,"standard_error":863.8769783992492},"std_dev":{"confidence_interval":{"confidence_level":0.95,"lower_bound":6703.391598018854,"upper_bound":10261.714635632808},"point_estimate":8599.475842526335,"standard_error":910.6107190577671}}