{"mean":{"confidence_interval":{"confidence_level":0.95,"lower_bound":-0.5549433679731712,"upper_bound":-0.5479879813319544},"point_estimate":-0.5514198926489878,"standard_error":0.0017793387461660245},"median":{"confidence_interval":{"confidence_level":0.95,"lower_bound":-0.5542427268356016,"upper_bound":-0.5425922140985006},"point_estimate":-0.5465508224726501,"standard_error":0.0029607171087006057}}