{"mean":{"confidence_interval":{"confidence_level":0.95,"lower_bound":0.7124287480574807,"upper_bound":0.7534177316486226},"point_estimate":0.732000809935307,"standard_error":0.010907693638626927},"median":{"confidence_interval":{"confidence_level":0.95,"lower_bound":0.6770323262615123,"upper_bound":0.7035609052945229},"point_estimate":0.6953885419850085,"standard_error":0.0073040443578864505}}