{"mean":{"confidence_interval":{"confidence_level":0.95,"lower_bound":-0.13787640572283727,"upper_bound":-0.1084401574590086},"point_estimate":-0.12396712473894289,"standard_error":0.00734659114203098},"median":{"confidence_interval":{"confidence_level":0.95,"lower_bound":-0.1522048688199591,"upper_bound":-0.13685278290475456},"point_estimate":-0.14639710435767161,"standard_error":0.004344152799831016}}