{"mean":{"confidence_interval":{"confidence_level":0.95,"lower_bound":0.06305711526397223,"upper_bound":0.10321019447720747},"point_estimate":0.08222691821714623,"standard_error":0.010251910404943394},"median":{"confidence_interval":{"confidence_level":0.95,"lower_bound":0.03930152461053371,"upper_bound":0.04736284632492538},"point_estimate":0.04266802731034436,"standard_error":0.0019995840967471875}}