{"mean":{"confidence_interval":{"confidence_level":0.95,"lower_bound":-0.4710288271847244,"upper_bound":-0.45329974057256434},"point_estimate":-0.4615234456019368,"standard_error":0.00453082414583657},"median":{"confidence_interval":{"confidence_level":0.95,"lower_bound":-0.4608333492468102,"upper_bound":-0.4545216209714522},"point_estimate":-0.4562803487545163,"standard_error":0.0020478265949457433}}