{"mean":{"confidence_interval":{"confidence_level":0.95,"lower_bound":13308.141263652939,"upper_bound":13426.159360558166},"point_estimate":13362.363803682469,"standard_error":30.28526050396985},"median":{"confidence_interval":{"confidence_level":0.95,"lower_bound":13251.092177379172,"upper_bound":13299.705947217526},"point_estimate":13272.033192026287,"standard_error":12.471602962163576},"median_abs_dev":{"confidence_interval":{"confidence_level":0.95,"lower_bound":88.31998826593023,"upper_bound":156.79270929051305},"point_estimate":115.57764892370606,"standard_error":17.214222189003575},"slope":{"confidence_interval":{"confidence_level":0.95,"lower_bound":13318.626010526643,"upper_bound":13474.681529477499},"point_estimate":13390.11634497671,"standard_error":40.054132976646386},"std_dev":{"confidence_interval":{"confidence_level":0.95,"lower_bound":189.2168922116397,"upper_bound":417.3834644690797},"point_estimate":303.3453262710296,"standard_error":60.47860382789481}}