{"mean":{"confidence_interval":{"confidence_level":0.95,"lower_bound":284700.64402348263,"upper_bound":296933.3591570957},"point_estimate":290232.0654934072,"standard_error":3146.263607998559},"median":{"confidence_interval":{"confidence_level":0.95,"lower_bound":276563.1286954365,"upper_bound":277512.37391304347},"point_estimate":276858.8094787726,"standard_error":278.66011573122574},"median_abs_dev":{"confidence_interval":{"confidence_level":0.95,"lower_bound":1220.9986167477682,"upper_bound":3161.063758879906},"point_estimate":2055.2610328299984,"standard_error":541.2998054550912},"slope":{"confidence_interval":{"confidence_level":0.95,"lower_bound":280035.27261252544,"upper_bound":286274.61619050946},"point_estimate":282685.47025506134,"standard_error":1605.6321481878424},"std_dev":{"confidence_interval":{"confidence_level":0.95,"lower_bound":17628.76299153894,"upper_bound":45537.55602121715},"point_estimate":31691.860697429245,"standard_error":7603.280364057249}}