{"mean":{"confidence_interval":{"confidence_level":0.95,"lower_bound":-0.29447415719992887,"upper_bound":-0.28637643489211506},"point_estimate":-0.2903757910991135,"standard_error":0.002064455278645983},"median":{"confidence_interval":{"confidence_level":0.95,"lower_bound":-0.2902390944886848,"upper_bound":-0.2866470875170386},"point_estimate":-0.28877104563787026,"standard_error":0.0012788468944508128}}