{"mean":{"confidence_interval":{"confidence_level":0.95,"lower_bound":-0.05331815438856501,"upper_bound":-0.03481058783974605},"point_estimate":-0.04416365917676479,"standard_error":0.004706491312149386},"median":{"confidence_interval":{"confidence_level":0.95,"lower_bound":-0.06286279436171116,"upper_bound":-0.05568367757810211},"point_estimate":-0.060094209022367506,"standard_error":0.0018180230047752145}}