{"mean":{"confidence_interval":{"confidence_level":0.95,"lower_bound":104750.00793453165,"upper_bound":105245.09572589728},"point_estimate":104984.2184351867,"standard_error":126.32612628161544},"median":{"confidence_interval":{"confidence_level":0.95,"lower_bound":104512.4046551724,"upper_bound":104787.38591342626},"point_estimate":104647.87947014297,"standard_error":63.85123081071735},"median_abs_dev":{"confidence_interval":{"confidence_level":0.95,"lower_bound":410.13275539308876,"upper_bound":825.7379976593073},"point_estimate":567.4571637351988,"standard_error":108.96228146611003},"slope":{"confidence_interval":{"confidence_level":0.95,"lower_bound":104595.62464485869,"upper_bound":105083.22891839145},"point_estimate":104794.1733826939,"standard_error":128.54499478348413},"std_dev":{"confidence_interval":{"confidence_level":0.95,"lower_bound":894.8097120000516,"upper_bound":1614.1775807169},"point_estimate":1273.64843435675,"standard_error":184.4673706413498}}