{"mean":{"confidence_interval":{"confidence_level":0.95,"lower_bound":-0.2524060817503342,"upper_bound":-0.23137519742572546},"point_estimate":-0.24158116068443813,"standard_error":0.005379426472088347},"median":{"confidence_interval":{"confidence_level":0.95,"lower_bound":-0.23908254860124467,"upper_bound":-0.23247701974648394},"point_estimate":-0.23548068931381227,"standard_error":0.0016107538071866137}}