{"mean":{"confidence_interval":{"confidence_level":0.95,"lower_bound":114491.48064420937,"upper_bound":115720.29202878954},"point_estimate":115069.17079426954,"standard_error":313.33962453078476},"median":{"confidence_interval":{"confidence_level":0.95,"lower_bound":113663.58444958797,"upper_bound":114113.08695652174},"point_estimate":113820.23779074712,"standard_error":124.64794302640952},"median_abs_dev":{"confidence_interval":{"confidence_level":0.95,"lower_bound":559.0432707411098,"upper_bound":1149.7057295688323},"point_estimate":715.4696463110688,"standard_error":164.71061313408333},"slope":{"confidence_interval":{"confidence_level":0.95,"lower_bound":115283.79329988376,"upper_bound":117638.11908678243},"point_estimate":116430.97409100726,"standard_error":600.8762520653936},"std_dev":{"confidence_interval":{"confidence_level":0.95,"lower_bound":2218.4505253750967,"upper_bound":3903.9642374468335},"point_estimate":3140.778171122974,"standard_error":429.28800142474665}}