{"mean":{"confidence_interval":{"confidence_level":0.95,"lower_bound":-0.5012939981682172,"upper_bound":-0.49122720059361863},"point_estimate":-0.49614843261418773,"standard_error":0.0026307988362967946},"median":{"confidence_interval":{"confidence_level":0.95,"lower_bound":-0.506863411720174,"upper_bound":-0.49885772015990826},"point_estimate":-0.5027985876341883,"standard_error":0.0020598194534092863}}