{"mean":{"confidence_interval":{"confidence_level":0.95,"lower_bound":-0.048385736523817,"upper_bound":-0.015496855191655182},"point_estimate":-0.03130818237322852,"standard_error":0.008527556747078216},"median":{"confidence_interval":{"confidence_level":0.95,"lower_bound":-0.011300928721273862,"upper_bound":-0.007430384180606486},"point_estimate":-0.00970252134839611,"standard_error":0.0010419557893063917}}