{"mean":{"confidence_interval":{"confidence_level":0.95,"lower_bound":-0.19515175905804072,"upper_bound":-0.18026713496047514},"point_estimate":-0.18739031800901595,"standard_error":0.003859200189211713},"median":{"confidence_interval":{"confidence_level":0.95,"lower_bound":-0.20258626442252636,"upper_bound":-0.1916327893651233},"point_estimate":-0.19558470391642946,"standard_error":0.003402293733401424}}