{"mean":{"confidence_interval":{"confidence_level":0.95,"lower_bound":-0.030156453813558734,"upper_bound":-0.01306222500783704},"point_estimate":-0.021334981862139557,"standard_error":0.004364700726752367},"median":{"confidence_interval":{"confidence_level":0.95,"lower_bound":-0.011693468128467388,"upper_bound":-0.0009569674872549134},"point_estimate":-0.007556568831473487,"standard_error":0.0027531003608978945}}