{"mean":{"confidence_interval":{"confidence_level":0.95,"lower_bound":0.28024217187216544,"upper_bound":0.3112006565176259},"point_estimate":0.2964855736527172,"standard_error":0.007931019287401113},"median":{"confidence_interval":{"confidence_level":0.95,"lower_bound":0.29852340419468487,"upper_bound":0.30515192828557625},"point_estimate":0.3021395287873907,"standard_error":0.0015745079774737254}}