{"mean":{"confidence_interval":{"confidence_level":0.95,"lower_bound":-0.5644964562827355,"upper_bound":-0.5568713112675705},"point_estimate":-0.5602416758954334,"standard_error":0.0019617929662850515},"median":{"confidence_interval":{"confidence_level":0.95,"lower_bound":-0.5600722881487186,"upper_bound":-0.5555088890413927},"point_estimate":-0.5577982051606293,"standard_error":0.001236241889052968}}