{"mean":{"confidence_interval":{"confidence_level":0.95,"lower_bound":0.004629415714507424,"upper_bound":0.04525031229041542},"point_estimate":0.02243662794422585,"standard_error":0.010197011413542859},"median":{"confidence_interval":{"confidence_level":0.95,"lower_bound":-0.00923621382656521,"upper_bound":0.010421964240472592},"point_estimate":0.002443431494637327,"standard_error":0.0049438669876293445}}