{"mean":{"confidence_interval":{"confidence_level":0.95,"lower_bound":-0.06920343381103092,"upper_bound":-0.048771331140737034},"point_estimate":-0.05852618080666028,"standard_error":0.005196416556360203},"median":{"confidence_interval":{"confidence_level":0.95,"lower_bound":-0.06843446322923297,"upper_bound":-0.05527968110231829},"point_estimate":-0.06267964043602114,"standard_error":0.0030017160599321744}}