{"mean":{"confidence_interval":{"confidence_level":0.95,"lower_bound":-0.5428906312705236,"upper_bound":-0.5340588384325767},"point_estimate":-0.5383894070263062,"standard_error":0.002259284355244119},"median":{"confidence_interval":{"confidence_level":0.95,"lower_bound":-0.5381579671214702,"upper_bound":-0.5348537751051339},"point_estimate":-0.5357631573298303,"standard_error":0.0008166254415473775}}