{"mean":{"confidence_interval":{"confidence_level":0.95,"lower_bound":15331.299858993532,"upper_bound":15372.985493821225},"point_estimate":15349.64520059778,"standard_error":10.72731771679877},"median":{"confidence_interval":{"confidence_level":0.95,"lower_bound":15321.705646128026,"upper_bound":15328.436069901936},"point_estimate":15325.305096106642,"standard_error":1.4609750945105275},"median_abs_dev":{"confidence_interval":{"confidence_level":0.95,"lower_bound":8.874153683164298,"upper_bound":17.08290548560003},"point_estimate":11.152945963305609,"standard_error":2.1410628640581426},"slope":{"confidence_interval":{"confidence_level":0.95,"lower_bound":15324.413853220662,"upper_bound":15342.988331100813},"point_estimate":15331.882042720967,"standard_error":4.817531555715606},"std_dev":{"confidence_interval":{"confidence_level":0.95,"lower_bound":44.296281213486104,"upper_bound":154.94162511521853},"point_estimate":107.2936449033734,"standard_error":28.22655794590502}}