{"mean":{"confidence_interval":{"confidence_level":0.95,"lower_bound":-0.5930451749112085,"upper_bound":-0.5819423449071643},"point_estimate":-0.5877891204302474,"standard_error":0.0028597952728418776},"median":{"confidence_interval":{"confidence_level":0.95,"lower_bound":-0.5994898999449176,"upper_bound":-0.5931082672765666},"point_estimate":-0.5973408950859681,"standard_error":0.0014735560891928976}}