{"mean":{"confidence_interval":{"confidence_level":0.95,"lower_bound":0.7798671800747611,"upper_bound":0.8133339871307501},"point_estimate":0.7961983853978358,"standard_error":0.00858585816689904},"median":{"confidence_interval":{"confidence_level":0.95,"lower_bound":0.7794849030680254,"upper_bound":0.7908457673650309},"point_estimate":0.7830530343782514,"standard_error":0.0031565544861432222}}