{"mean":{"confidence_interval":{"confidence_level":0.95,"lower_bound":0.6406879760265966,"upper_bound":0.6614478685421954},"point_estimate":0.6514314175600502,"standard_error":0.0052839043353430475},"median":{"confidence_interval":{"confidence_level":0.95,"lower_bound":0.6537169973824336,"upper_bound":0.6685086685045187},"point_estimate":0.664206225194703,"standard_error":0.0036909849645352546}}