{"mean":{"confidence_interval":{"confidence_level":0.95,"lower_bound":0.9906668298766057,"upper_bound":1.03966621771562},"point_estimate":1.0130494552888405,"standard_error":0.01263323167508233},"median":{"confidence_interval":{"confidence_level":0.95,"lower_bound":0.99856586382515,"upper_bound":1.0156837089387696},"point_estimate":1.0093730463797037,"standard_error":0.004280481146745927}}