{"mean":{"confidence_interval":{"confidence_level":0.95,"lower_bound":0.010225526573302415,"upper_bound":0.029940188813611372},"point_estimate":0.020710388042086914,"standard_error":0.005045657607609818},"median":{"confidence_interval":{"confidence_level":0.95,"lower_bound":0.028849889437254195,"upper_bound":0.04170505561153948},"point_estimate":0.03487221384375716,"standard_error":0.002703003639622622}}