{"mean":{"confidence_interval":{"confidence_level":0.95,"lower_bound":-0.5570116369578283,"upper_bound":-0.547771468613369},"point_estimate":-0.5527872161329055,"standard_error":0.0023136074694110396},"median":{"confidence_interval":{"confidence_level":0.95,"lower_bound":-0.5590018400664363,"upper_bound":-0.5578806148342978},"point_estimate":-0.5585698303708093,"standard_error":0.0003994045587409338}}