{"mean":{"confidence_interval":{"confidence_level":0.95,"lower_bound":293047.66817447986,"upper_bound":302152.4525363574},"point_estimate":297495.3078483507,"standard_error":2327.053451769705},"median":{"confidence_interval":{"confidence_level":0.95,"lower_bound":281808.064,"upper_bound":282182.1744680851},"point_estimate":281936.01122093026,"standard_error":237.13082098603405},"median_abs_dev":{"confidence_interval":{"confidence_level":0.95,"lower_bound":361.5243017635032,"upper_bound":1080.7874929636082},"point_estimate":569.6986150108439,"standard_error":382.2587382442221},"slope":{"confidence_interval":{"confidence_level":0.95,"lower_bound":293242.02177470835,"upper_bound":306566.030181166},"point_estimate":299994.4936027782,"standard_error":3406.7118993897284},"std_dev":{"confidence_interval":{"confidence_level":0.95,"lower_bound":20728.934717205982,"upper_bound":25136.71266907615},"point_estimate":23396.534091478887,"standard_error":1134.7708241943892}}