{"mean":{"confidence_interval":{"confidence_level":0.95,"lower_bound":1487325.33224072,"upper_bound":1545718.1964043519},"point_estimate":1513035.7462850898,"standard_error":14945.070587844313},"median":{"confidence_interval":{"confidence_level":0.95,"lower_bound":1451820.557142857,"upper_bound":1481355.624102871},"point_estimate":1465489.6092530657,"standard_error":8004.222217591366},"median_abs_dev":{"confidence_interval":{"confidence_level":0.95,"lower_bound":39519.145552664224,"upper_bound":80569.8645532135},"point_estimate":60177.06674181771,"standard_error":10514.926955843763},"slope":{"confidence_interval":{"confidence_level":0.95,"lower_bound":1464857.7772250574,"upper_bound":1501686.5482691084},"point_estimate":1482211.5890365008,"standard_error":9415.572262465912},"std_dev":{"confidence_interval":{"confidence_level":0.95,"lower_bound":77731.73137876244,"upper_bound":222986.24324591778},"point_estimate":149911.2198916286,"standard_error":41934.34706512754}}