{"mean":{"confidence_interval":{"confidence_level":0.95,"lower_bound":0.5449137385017433,"upper_bound":0.584684197149396},"point_estimate":0.5619349765136556,"standard_error":0.009984680924824756},"median":{"confidence_interval":{"confidence_level":0.95,"lower_bound":0.5453142675254432,"upper_bound":0.5549729665514043},"point_estimate":0.5502457431404051,"standard_error":0.002487505437173694}}