{"mean":{"confidence_interval":{"confidence_level":0.95,"lower_bound":-0.6145955955564483,"upper_bound":-0.6069495568128983},"point_estimate":-0.6111410492917169,"standard_error":0.001961021582812891},"median":{"confidence_interval":{"confidence_level":0.95,"lower_bound":-0.6187251016382331,"upper_bound":-0.6089388332001608},"point_estimate":-0.6153158071086166,"standard_error":0.002629781262007181}}