{"mean":{"confidence_interval":{"confidence_level":0.95,"lower_bound":-0.18144210043728354,"upper_bound":-0.11491199104832936},"point_estimate":-0.14872938785307543,"standard_error":0.016992513117192336},"median":{"confidence_interval":{"confidence_level":0.95,"lower_bound":-0.07875887980472407,"upper_bound":-0.0070752854926193764},"point_estimate":-0.021370321161669703,"standard_error":0.021912119964448914}}