{"mean":{"confidence_interval":{"confidence_level":0.95,"lower_bound":89639.55775648027,"upper_bound":90981.45040289863},"point_estimate":90280.20573167155,"standard_error":343.22632307506666},"median":{"confidence_interval":{"confidence_level":0.95,"lower_bound":88641.93927893738,"upper_bound":90561.03036053131},"point_estimate":89548.86935520361,"standard_error":543.19991187213},"median_abs_dev":{"confidence_interval":{"confidence_level":0.95,"lower_bound":2147.022171090576,"upper_bound":3817.1637932178496},"point_estimate":3014.553813869488,"standard_error":483.30454989594443},"slope":{"confidence_interval":{"confidence_level":0.95,"lower_bound":89618.66906761532,"upper_bound":91229.0991259239},"point_estimate":90362.7285045941,"standard_error":410.48509346252683},"std_dev":{"confidence_interval":{"confidence_level":0.95,"lower_bound":2611.0396987261365,"upper_bound":4298.215755360965},"point_estimate":3447.1523048143667,"standard_error":439.12487303141546}}