{"mean":{"confidence_interval":{"confidence_level":0.95,"lower_bound":532863.901321567,"upper_bound":536003.6190436577},"point_estimate":534260.6431229289,"standard_error":806.1931233118148},"median":{"confidence_interval":{"confidence_level":0.95,"lower_bound":531452.4455128205,"upper_bound":533197.478021978},"point_estimate":532635.2260265701,"standard_error":535.5876965077019},"median_abs_dev":{"confidence_interval":{"confidence_level":0.95,"lower_bound":2761.8938158919773,"upper_bound":4581.0866434882555},"point_estimate":3995.6325797693253,"standard_error":460.26610262787517},"slope":{"confidence_interval":{"confidence_level":0.95,"lower_bound":531781.0183121494,"upper_bound":534892.0714943015},"point_estimate":533108.6805649968,"standard_error":805.0035741833291},"std_dev":{"confidence_interval":{"confidence_level":0.95,"lower_bound":3959.367182330592,"upper_bound":12074.27001424342},"point_estimate":8096.96600869947,"standard_error":2215.697466330831}}