{"mean":{"confidence_interval":{"confidence_level":0.95,"lower_bound":0.4641096830944256,"upper_bound":0.483098780308989},"point_estimate":0.47361703743944084,"standard_error":0.004853605303893801},"median":{"confidence_interval":{"confidence_level":0.95,"lower_bound":0.465218234986184,"upper_bound":0.4914940331418627},"point_estimate":0.4841268418652418,"standard_error":0.009483582274470333}}