{"mean":{"confidence_interval":{"confidence_level":0.95,"lower_bound":-0.3019375671986771,"upper_bound":-0.2839436620333949},"point_estimate":-0.2926097362771882,"standard_error":0.0046138259341829465},"median":{"confidence_interval":{"confidence_level":0.95,"lower_bound":-0.29641283412437436,"upper_bound":-0.2927411745346924},"point_estimate":-0.29472699668627955,"standard_error":0.0009900002487390272}}