{"mean":{"confidence_interval":{"confidence_level":0.95,"lower_bound":122330.46026763551,"upper_bound":123864.89981520704},"point_estimate":123056.2503207105,"standard_error":390.9572851030545},"median":{"confidence_interval":{"confidence_level":0.95,"lower_bound":120986.53611764706,"upper_bound":122007.38687179488},"point_estimate":121627.23277310925,"standard_error":270.8837203299751},"median_abs_dev":{"confidence_interval":{"confidence_level":0.95,"lower_bound":1287.0155059056729,"upper_bound":2742.1421324519015},"point_estimate":2206.265496253729,"standard_error":383.5784374279102},"slope":{"confidence_interval":{"confidence_level":0.95,"lower_bound":122831.01198786577,"upper_bound":124939.59677013318},"point_estimate":123862.76344649032,"standard_error":539.2960229258457},"std_dev":{"confidence_interval":{"confidence_level":0.95,"lower_bound":2867.1109733720164,"upper_bound":4916.750050068623},"point_estimate":3942.81564644891,"standard_error":525.4439842554926}}