{"mean":{"confidence_interval":{"confidence_level":0.95,"lower_bound":0.029086429449228686,"upper_bound":0.04663942756644055},"point_estimate":0.03785465265079768,"standard_error":0.004411451482645652},"median":{"confidence_interval":{"confidence_level":0.95,"lower_bound":0.030187165481986522,"upper_bound":0.03621655069333052},"point_estimate":0.03399190150684528,"standard_error":0.001637433696166182}}