{"mean":{"confidence_interval":{"confidence_level":0.95,"lower_bound":-0.4755672622248842,"upper_bound":-0.4694786466870175},"point_estimate":-0.47243383184167087,"standard_error":0.0015522130662750488},"median":{"confidence_interval":{"confidence_level":0.95,"lower_bound":-0.47168731269231284,"upper_bound":-0.4701398627672946},"point_estimate":-0.47094924244500536,"standard_error":0.00042405993074762753}}