{"mean":{"confidence_interval":{"confidence_level":0.95,"lower_bound":-0.5002461658358514,"upper_bound":-0.49103026919149295},"point_estimate":-0.4954139336155531,"standard_error":0.0023560851331834664},"median":{"confidence_interval":{"confidence_level":0.95,"lower_bound":-0.49337980168984286,"upper_bound":-0.4838993781692561},"point_estimate":-0.4875884610258229,"standard_error":0.0024521789936227003}}