{"mean":{"confidence_interval":{"confidence_level":0.95,"lower_bound":0.8657141809148873,"upper_bound":0.9194121253107611},"point_estimate":0.8911844165997951,"standard_error":0.012850222914377145},"median":{"confidence_interval":{"confidence_level":0.95,"lower_bound":0.8425366326014874,"upper_bound":0.8733214429309024},"point_estimate":0.8548657911367941,"standard_error":0.007218348423872453}}